This is pdfTeX, Version 3.141592653-2.6-1.40.24 (TeX Live 2022) (preloaded format=pdflatex 2022.10.9)  19 JUL 2025 17:06
entering extended mode
 restricted \write18 enabled.
 %&-line parsing enabled.
**main.tex
(./main.tex
LaTeX2e <2021-11-15> patch level 1
L3 programming layer <2022-02-24> (./MastersDoctoralThesis.cls
Document Class: MastersDoctoralThesis 2020/08/24 v1.7 LaTeXTemplates.com
(/usr/local/texlive/2022/texmf-dist/tex/latex/etoolbox/etoolbox.sty
Package: etoolbox 2020/10/05 v2.5k e-TeX tools for LaTeX (JAW)
\etb@tempcnta=\count185
)
(/usr/local/texlive/2022/texmf-dist/tex/latex/l3packages/xparse/xparse.sty
(/usr/local/texlive/2022/texmf-dist/tex/latex/l3kernel/expl3.sty
Package: expl3 2022-02-24 L3 programming layer (loader) 

(/usr/local/texlive/2022/texmf-dist/tex/latex/l3backend/l3backend-pdftex.def
File: l3backend-pdftex.def 2022-02-07 L3 backend support: PDF output (pdfTeX)
\l__color_backend_stack_int=\count186
\l__pdf_internal_box=\box50
))
Package: xparse 2022-01-12 L3 Experimental document command parser
) (/usr/local/texlive/2022/texmf-dist/tex/latex/base/book.cls
Document Class: book 2021/10/04 v1.4n Standard LaTeX document class
(/usr/local/texlive/2022/texmf-dist/tex/latex/base/bk11.clo
File: bk11.clo 2021/10/04 v1.4n Standard LaTeX file (size option)
)
\c@part=\count187
\c@chapter=\count188
\c@section=\count189
\c@subsection=\count190
\c@subsubsection=\count191
\c@paragraph=\count192
\c@subparagraph=\count193
\c@figure=\count194
\c@table=\count195
\abovecaptionskip=\skip47
\belowcaptionskip=\skip48
\bibindent=\dimen138
)
(/usr/local/texlive/2022/texmf-dist/tex/latex/parskip/parskip.sty
Package: parskip 2021-03-14 v2.0h non-zero parskip adjustments

(/usr/local/texlive/2022/texmf-dist/tex/latex/kvoptions/kvoptions.sty
Package: kvoptions 2020-10-07 v3.14 Key value format for package options (HO)

(/usr/local/texlive/2022/texmf-dist/tex/latex/graphics/keyval.sty
Package: keyval 2014/10/28 v1.15 key=value parser (DPC)
\KV@toks@=\toks16
)
(/usr/local/texlive/2022/texmf-dist/tex/generic/ltxcmds/ltxcmds.sty
Package: ltxcmds 2020-05-10 v1.25 LaTeX kernel commands for general use (HO)
)
(/usr/local/texlive/2022/texmf-dist/tex/generic/kvsetkeys/kvsetkeys.sty
Package: kvsetkeys 2019/12/15 v1.18 Key value parser (HO)
)))
(/usr/local/texlive/2022/texmf-dist/tex/generic/babel/babel.sty
Package: babel 2022/02/26 3.73 The Babel package
\babel@savecnt=\count196
\U@D=\dimen139
\l@unhyphenated=\language87

(/usr/local/texlive/2022/texmf-dist/tex/generic/babel/txtbabel.def)
\bbl@readstream=\read2
\bbl@dirlevel=\count197

(/usr/local/texlive/2022/texmf-dist/tex/generic/babel-english/english.ldf
Language: english 2017/06/06 v3.3r English support from the babel system
Package babel Info: Hyphen rules for 'canadian' set to \l@english
(babel)             (\language0). Reported on input line 102.
Package babel Info: Hyphen rules for 'australian' set to \l@ukenglish
(babel)             (\language21). Reported on input line 105.
Package babel Info: Hyphen rules for 'newzealand' set to \l@ukenglish
(babel)             (\language21). Reported on input line 108.
))
(/usr/local/texlive/2022/texmf-dist/tex/latex/koma-script/scrbase.sty
Package: scrbase 2021/11/13 v3.35 KOMA-Script package (KOMA-Script-independent 
basics and keyval usage)

(/usr/local/texlive/2022/texmf-dist/tex/latex/koma-script/scrlfile.sty
Package: scrlfile 2021/11/13 v3.35 KOMA-Script package (file load hooks)

(/usr/local/texlive/2022/texmf-dist/tex/latex/koma-script/scrlfile-hook.sty
Package: scrlfile-hook 2021/11/13 v3.35 KOMA-Script package (using LaTeX hooks)


(/usr/local/texlive/2022/texmf-dist/tex/latex/koma-script/scrlogo.sty
Package: scrlogo 2021/11/13 v3.35 KOMA-Script package (logo)
)))
Applying: [2021/05/01] Usage of raw or classic option list on input line 252.
Already applied: [0000/00/00] Usage of raw or classic option list on input line
 368.
)
(/usr/local/texlive/2022/texmf-dist/tex/latex/setspace/setspace.sty
Package: setspace 2011/12/19 v6.7a set line spacing
)
(/usr/local/texlive/2022/texmf-dist/tex/latex/tools/longtable.sty
Package: longtable 2021-09-01 v4.17 Multi-page Table package (DPC)
\LTleft=\skip49
\LTright=\skip50
\LTpre=\skip51
\LTpost=\skip52
\LTchunksize=\count198
\LTcapwidth=\dimen140
\LT@head=\box51
\LT@firsthead=\box52
\LT@foot=\box53
\LT@lastfoot=\box54
\LT@gbox=\box55
\LT@cols=\count199
\LT@rows=\count266
\c@LT@tables=\count267
\c@LT@chunks=\count268
\LT@p@ftn=\toks17
)
(/usr/local/texlive/2022/texmf-dist/tex/latex/siunitx/siunitx.sty
Package: siunitx 2022-02-15 v3.0.49 A comprehensive (SI) units package
\l__siunitx_angle_tmp_dim=\dimen141
\l__siunitx_angle_marker_box=\box56
\l__siunitx_angle_unit_box=\box57
\l__siunitx_compound_count_int=\count269

(/usr/local/texlive/2022/texmf-dist/tex/latex/translations/translations.sty
Package: translations 2022/02/05 v1.12 internationalization of LaTeX2e packages
 (CN)

(/usr/local/texlive/2022/texmf-dist/tex/generic/pdftexcmds/pdftexcmds.sty
Package: pdftexcmds 2020-06-27 v0.33 Utility functions of pdfTeX for LuaTeX (HO
)

(/usr/local/texlive/2022/texmf-dist/tex/generic/infwarerr/infwarerr.sty
Package: infwarerr 2019/12/03 v1.5 Providing info/warning/error messages (HO)
)
(/usr/local/texlive/2022/texmf-dist/tex/generic/iftex/iftex.sty
Package: iftex 2022/02/03 v1.0f TeX engine tests
)
Package pdftexcmds Info: \pdf@primitive is available.
Package pdftexcmds Info: \pdf@ifprimitive is available.
Package pdftexcmds Info: \pdfdraftmode found.
))
\l__siunitx_number_exponent_fixed_int=\count270
\l__siunitx_number_min_decimal_int=\count271
\l__siunitx_number_min_integer_int=\count272
\l__siunitx_number_round_precision_int=\count273
\l__siunitx_number_group_minimum_int=\count274

(/usr/local/texlive/2022/texmf-dist/tex/latex/amsmath/amstext.sty
Package: amstext 2021/08/26 v2.01 AMS text

(/usr/local/texlive/2022/texmf-dist/tex/latex/amsmath/amsgen.sty
File: amsgen.sty 1999/11/30 v2.0 generic functions
\@emptytoks=\toks18
\ex@=\dimen142
))
\l__siunitx_table_tmp_box=\box58
\l__siunitx_table_tmp_dim=\dimen143
\l__siunitx_table_column_width_dim=\dimen144
\l__siunitx_table_integer_box=\box59
\l__siunitx_table_decimal_box=\box60
\l__siunitx_table_before_box=\box61
\l__siunitx_table_after_box=\box62
\l__siunitx_table_before_dim=\dimen145
\l__siunitx_table_carry_dim=\dimen146
\l__siunitx_unit_tmp_int=\count275
\l__siunitx_unit_position_int=\count276
\l__siunitx_unit_total_int=\count277

(/usr/local/texlive/2022/texmf-dist/tex/latex/l3packages/l3keys2e/l3keys2e.sty
Package: l3keys2e 2022-01-12 LaTeX2e option processing using LaTeX3 keys
) (/usr/local/texlive/2022/texmf-dist/tex/latex/tools/array.sty
Package: array 2021/10/04 v2.5f Tabular extension package (FMi)
\col@sep=\dimen147
\ar@mcellbox=\box63
\extrarowheight=\dimen148
\NC@list=\toks19
\extratabsurround=\skip53
\backup@length=\skip54
\ar@cellbox=\box64
))
(/usr/local/texlive/2022/texmf-dist/tex/latex/graphics/graphicx.sty
Package: graphicx 2021/09/16 v1.2d Enhanced LaTeX Graphics (DPC,SPQR)

(/usr/local/texlive/2022/texmf-dist/tex/latex/graphics/graphics.sty
Package: graphics 2021/03/04 v1.4d Standard LaTeX Graphics (DPC,SPQR)

(/usr/local/texlive/2022/texmf-dist/tex/latex/graphics/trig.sty
Package: trig 2021/08/11 v1.11 sin cos tan (DPC)
)
(/usr/local/texlive/2022/texmf-dist/tex/latex/graphics-cfg/graphics.cfg
File: graphics.cfg 2016/06/04 v1.11 sample graphics configuration
)
Package graphics Info: Driver file: pdftex.def on input line 107.

(/usr/local/texlive/2022/texmf-dist/tex/latex/graphics-def/pdftex.def
File: pdftex.def 2020/10/05 v1.2a Graphics/color driver for pdftex
))
\Gin@req@height=\dimen149
\Gin@req@width=\dimen150
)
(/usr/local/texlive/2022/texmf-dist/tex/latex/booktabs/booktabs.sty
Package: booktabs 2020/01/12 v1.61803398 Publication quality tables
\heavyrulewidth=\dimen151
\lightrulewidth=\dimen152
\cmidrulewidth=\dimen153
\belowrulesep=\dimen154
\belowbottomsep=\dimen155
\aboverulesep=\dimen156
\abovetopsep=\dimen157
\cmidrulesep=\dimen158
\cmidrulekern=\dimen159
\defaultaddspace=\dimen160
\@cmidla=\count278
\@cmidlb=\count279
\@aboverulesep=\dimen161
\@belowrulesep=\dimen162
\@thisruleclass=\count280
\@lastruleclass=\count281
\@thisrulewidth=\dimen163
)
(/usr/local/texlive/2022/texmf-dist/tex/latex/caption/caption.sty
Package: caption 2022/03/01 v3.6b Customizing captions (AR)

(/usr/local/texlive/2022/texmf-dist/tex/latex/caption/caption3.sty
Package: caption3 2022/03/17 v2.3b caption3 kernel (AR)
\caption@tempdima=\dimen164
\captionmargin=\dimen165
\caption@leftmargin=\dimen166
\caption@rightmargin=\dimen167
\caption@width=\dimen168
\caption@indent=\dimen169
\caption@parindent=\dimen170
\caption@hangindent=\dimen171
Package caption Info: Standard document class detected.
)
\c@caption@flags=\count282
\c@continuedfloat=\count283
Package caption Info: longtable package is loaded.

(/usr/local/texlive/2022/texmf-dist/tex/latex/caption/ltcaption.sty
Package: ltcaption 2021/01/08 v1.4c longtable captions (AR)
))
(/usr/local/texlive/2022/texmf-dist/tex/latex/xcolor/xcolor.sty
Package: xcolor 2021/10/31 v2.13 LaTeX color extensions (UK)

(/usr/local/texlive/2022/texmf-dist/tex/latex/graphics-cfg/color.cfg
File: color.cfg 2016/01/02 v1.6 sample color configuration
)
Package xcolor Info: Driver file: pdftex.def on input line 227.
Package xcolor Info: Model `cmy' substituted by `cmy0' on input line 1352.
Package xcolor Info: Model `hsb' substituted by `rgb' on input line 1356.
Package xcolor Info: Model `RGB' extended on input line 1368.
Package xcolor Info: Model `HTML' substituted by `rgb' on input line 1370.
Package xcolor Info: Model `Hsb' substituted by `hsb' on input line 1371.
Package xcolor Info: Model `tHsb' substituted by `hsb' on input line 1372.
Package xcolor Info: Model `HSB' substituted by `hsb' on input line 1373.
Package xcolor Info: Model `Gray' substituted by `gray' on input line 1374.
Package xcolor Info: Model `wave' substituted by `hsb' on input line 1375.
)
(/usr/local/texlive/2022/texmf-dist/tex/latex/geometry/geometry.sty
Package: geometry 2020/01/02 v5.9 Page Geometry

(/usr/local/texlive/2022/texmf-dist/tex/generic/iftex/ifvtex.sty
Package: ifvtex 2019/10/25 v1.7 ifvtex legacy package. Use iftex instead.
)
\Gm@cnth=\count284
\Gm@cntv=\count285
\c@Gm@tempcnt=\count286
\Gm@bindingoffset=\dimen172
\Gm@wd@mp=\dimen173
\Gm@odd@mp=\dimen174
\Gm@even@mp=\dimen175
\Gm@layoutwidth=\dimen176
\Gm@layoutheight=\dimen177
\Gm@layouthoffset=\dimen178
\Gm@layoutvoffset=\dimen179
\Gm@dimlist=\toks20
)
(/usr/local/texlive/2022/texmf-dist/tex/latex/koma-script/scrlayer-scrpage.sty
Package: scrlayer-scrpage 2021/11/13 v3.35 KOMA-Script package (end user interf
ace for scrlayer)

(/usr/local/texlive/2022/texmf-dist/tex/latex/koma-script/scrlayer.sty
Package: scrlayer 2021/11/13 v3.35 KOMA-Script package (defining layers and pag
e styles)

(/usr/local/texlive/2022/texmf-dist/tex/latex/koma-script/scrkbase.sty
Package: scrkbase 2021/11/13 v3.35 KOMA-Script package (KOMA-Script-dependent b
asics and keyval usage)
)
\footheight=\skip55
Package scrlayer Info: patching LaTeX kernel macro \pagestyle on input line 216
2.
)
Package scrbase Info: Unknown processing state.
(scrbase)             Processing option `markcase=used'
(scrbase)             of member `.scrlayer-scrpage.sty' of family
(scrbase)             `KOMA' doesn't set
(scrbase)             a valid state. This will be interpreted
(scrbase)             as \FamilyKeyStateProcessed on input line 636.
)
Package scrlayer-scrpage Info: auto-selection of `pagestyleset=standard'.

1: chapter
1: chapter
1: section
) (./preamble.tex
(/usr/local/texlive/2022/texmf-dist/tex/latex/base/inputenc.sty
Package: inputenc 2021/02/14 v1.3d Input encoding file
\inpenc@prehook=\toks21
\inpenc@posthook=\toks22
)
(/usr/local/texlive/2022/texmf-dist/tex/latex/base/fontenc.sty
Package: fontenc 2021/04/29 v2.0v Standard LaTeX package
)
(/usr/local/texlive/2022/texmf-dist/tex/latex/psnfss/mathpazo.sty
Package: mathpazo 2020/03/25 PSNFSS-v9.3 Palatino w/ Pazo Math (D.Puga, WaS) 
\symupright=\mathgroup4
)
(/usr/local/texlive/2022/texmf-dist/tex/latex/bera/beramono.sty
Package: beramono 2004/01/31 (WaS)
)
(/usr/local/texlive/2022/texmf-dist/tex/latex/multirow/multirow.sty
Package: multirow 2021/03/15 v2.8 Span multiple rows of a table
\multirow@colwidth=\skip56
\multirow@cntb=\count287
\multirow@dima=\skip57
\bigstrutjot=\dimen180
)
(/usr/local/texlive/2022/texmf-dist/tex/generic/iftex/ifxetex.sty
Package: ifxetex 2019/10/25 v0.7 ifxetex legacy package. Use iftex instead.
)
(/usr/local/texlive/2022/texmf-dist/tex/latex/caption/subcaption.sty
Package: subcaption 2022/01/07 v1.5 Sub-captions (AR)
\c@subfigure=\count288
\c@subtable=\count289
)
(/usr/local/texlive/2022/texmf-dist/tex/latex/makecell/makecell.sty
Package: makecell 2009/08/03 V0.1e Managing of Tab Column Heads and Cells
\rotheadsize=\dimen181
\c@nlinenum=\count290
\TeXr@lab=\toks23
)
(/usr/local/texlive/2022/texmf-dist/tex/latex/pdfpages/pdfpages.sty
Package: pdfpages 2022/01/29 v0.5u Insert pages of external PDF documents (AM)

(/usr/local/texlive/2022/texmf-dist/tex/latex/base/ifthen.sty
Package: ifthen 2020/11/24 v1.1c Standard LaTeX ifthen package (DPC)
)
(/usr/local/texlive/2022/texmf-dist/tex/latex/tools/calc.sty
Package: calc 2017/05/25 v4.3 Infix arithmetic (KKT,FJ)
\calc@Acount=\count291
\calc@Bcount=\count292
\calc@Adimen=\dimen182
\calc@Bdimen=\dimen183
\calc@Askip=\skip58
\calc@Bskip=\skip59
LaTeX Info: Redefining \setlength on input line 80.
LaTeX Info: Redefining \addtolength on input line 81.
\calc@Ccount=\count293
\calc@Cskip=\skip60
)
(/usr/local/texlive/2022/texmf-dist/tex/latex/eso-pic/eso-pic.sty
Package: eso-pic 2020/10/14 v3.0a eso-pic (RN)
\ESO@tempdima=\dimen184
\ESO@tempdimb=\dimen185
)
\AM@pagewidth=\dimen186
\AM@pageheight=\dimen187
\AM@fboxrule=\dimen188

(/usr/local/texlive/2022/texmf-dist/tex/latex/pdfpages/pppdftex.def
File: pppdftex.def 2022/01/29 v0.5u Pdfpages driver for pdfTeX (AM)
)
\pdfpages@includegraphics@status=\count294
\AM@pagebox=\box65
\AM@global@opts=\toks24
\AM@pagecnt=\count295
\AM@toc@title=\toks25
\c@AM@survey=\count296
\AM@templatesizebox=\box66
)
(/usr/local/texlive/2022/texmf-dist/tex/latex/pdflscape/pdflscape.sty
Package: pdflscape 2019/12/05 v0.12 Display of landscape pages in PDF (HO)

(/usr/local/texlive/2022/texmf-dist/tex/latex/graphics/lscape.sty
Package: lscape 2020/05/28 v3.02 Landscape Pages (DPC)
)
Package pdflscape Info: Auto-detected driver: pdftex on input line 81.
)
(/usr/local/texlive/2022/texmf-dist/tex/latex/pgf/frontendlayer/tikz.sty
(/usr/local/texlive/2022/texmf-dist/tex/latex/pgf/basiclayer/pgf.sty
(/usr/local/texlive/2022/texmf-dist/tex/latex/pgf/utilities/pgfrcs.sty
(/usr/local/texlive/2022/texmf-dist/tex/generic/pgf/utilities/pgfutil-common.te
x
\pgfutil@everybye=\toks26
\pgfutil@tempdima=\dimen189
\pgfutil@tempdimb=\dimen190

(/usr/local/texlive/2022/texmf-dist/tex/generic/pgf/utilities/pgfutil-common-li
sts.tex))
(/usr/local/texlive/2022/texmf-dist/tex/generic/pgf/utilities/pgfutil-latex.def
\pgfutil@abb=\box67
) (/usr/local/texlive/2022/texmf-dist/tex/generic/pgf/utilities/pgfrcs.code.tex
(/usr/local/texlive/2022/texmf-dist/tex/generic/pgf/pgf.revision.tex)
Package: pgfrcs 2021/05/15 v3.1.9a (3.1.9a)
))
Package: pgf 2021/05/15 v3.1.9a (3.1.9a)

(/usr/local/texlive/2022/texmf-dist/tex/latex/pgf/basiclayer/pgfcore.sty
(/usr/local/texlive/2022/texmf-dist/tex/latex/pgf/systemlayer/pgfsys.sty
(/usr/local/texlive/2022/texmf-dist/tex/generic/pgf/systemlayer/pgfsys.code.tex
Package: pgfsys 2021/05/15 v3.1.9a (3.1.9a)
(/usr/local/texlive/2022/texmf-dist/tex/generic/pgf/utilities/pgfkeys.code.tex
\pgfkeys@pathtoks=\toks27
\pgfkeys@temptoks=\toks28

(/usr/local/texlive/2022/texmf-dist/tex/generic/pgf/utilities/pgfkeysfiltered.c
ode.tex
\pgfkeys@tmptoks=\toks29
))
\pgf@x=\dimen191
\pgf@y=\dimen192
\pgf@xa=\dimen193
\pgf@ya=\dimen194
\pgf@xb=\dimen195
\pgf@yb=\dimen196
\pgf@xc=\dimen197
\pgf@yc=\dimen198
\pgf@xd=\dimen199
\pgf@yd=\dimen256
\w@pgf@writea=\write3
\r@pgf@reada=\read3
\c@pgf@counta=\count297
\c@pgf@countb=\count298
\c@pgf@countc=\count299
\c@pgf@countd=\count300
\t@pgf@toka=\toks30
\t@pgf@tokb=\toks31
\t@pgf@tokc=\toks32
\pgf@sys@id@count=\count301

(/usr/local/texlive/2022/texmf-dist/tex/generic/pgf/systemlayer/pgf.cfg
File: pgf.cfg 2021/05/15 v3.1.9a (3.1.9a)
)
Driver file for pgf: pgfsys-pdftex.def

(/usr/local/texlive/2022/texmf-dist/tex/generic/pgf/systemlayer/pgfsys-pdftex.d
ef
File: pgfsys-pdftex.def 2021/05/15 v3.1.9a (3.1.9a)

(/usr/local/texlive/2022/texmf-dist/tex/generic/pgf/systemlayer/pgfsys-common-p
df.def
File: pgfsys-common-pdf.def 2021/05/15 v3.1.9a (3.1.9a)
)))
(/usr/local/texlive/2022/texmf-dist/tex/generic/pgf/systemlayer/pgfsyssoftpath.
code.tex
File: pgfsyssoftpath.code.tex 2021/05/15 v3.1.9a (3.1.9a)
\pgfsyssoftpath@smallbuffer@items=\count302
\pgfsyssoftpath@bigbuffer@items=\count303
)
(/usr/local/texlive/2022/texmf-dist/tex/generic/pgf/systemlayer/pgfsysprotocol.
code.tex
File: pgfsysprotocol.code.tex 2021/05/15 v3.1.9a (3.1.9a)
))
(/usr/local/texlive/2022/texmf-dist/tex/generic/pgf/basiclayer/pgfcore.code.tex
Package: pgfcore 2021/05/15 v3.1.9a (3.1.9a)
(/usr/local/texlive/2022/texmf-dist/tex/generic/pgf/math/pgfmath.code.tex
(/usr/local/texlive/2022/texmf-dist/tex/generic/pgf/math/pgfmathcalc.code.tex
(/usr/local/texlive/2022/texmf-dist/tex/generic/pgf/math/pgfmathutil.code.tex)
(/usr/local/texlive/2022/texmf-dist/tex/generic/pgf/math/pgfmathparser.code.tex
\pgfmath@dimen=\dimen257
\pgfmath@count=\count304
\pgfmath@box=\box68
\pgfmath@toks=\toks33
\pgfmath@stack@operand=\toks34
\pgfmath@stack@operation=\toks35
)
(/usr/local/texlive/2022/texmf-dist/tex/generic/pgf/math/pgfmathfunctions.code.
tex
(/usr/local/texlive/2022/texmf-dist/tex/generic/pgf/math/pgfmathfunctions.basic
.code.tex)
(/usr/local/texlive/2022/texmf-dist/tex/generic/pgf/math/pgfmathfunctions.trigo
nometric.code.tex)
(/usr/local/texlive/2022/texmf-dist/tex/generic/pgf/math/pgfmathfunctions.rando
m.code.tex)
(/usr/local/texlive/2022/texmf-dist/tex/generic/pgf/math/pgfmathfunctions.compa
rison.code.tex)
(/usr/local/texlive/2022/texmf-dist/tex/generic/pgf/math/pgfmathfunctions.base.
code.tex)
(/usr/local/texlive/2022/texmf-dist/tex/generic/pgf/math/pgfmathfunctions.round
.code.tex)
(/usr/local/texlive/2022/texmf-dist/tex/generic/pgf/math/pgfmathfunctions.misc.
code.tex)
(/usr/local/texlive/2022/texmf-dist/tex/generic/pgf/math/pgfmathfunctions.integ
erarithmetics.code.tex)))
(/usr/local/texlive/2022/texmf-dist/tex/generic/pgf/math/pgfmathfloat.code.tex
\c@pgfmathroundto@lastzeros=\count305
)) (/usr/local/texlive/2022/texmf-dist/tex/generic/pgf/math/pgfint.code.tex)
(/usr/local/texlive/2022/texmf-dist/tex/generic/pgf/basiclayer/pgfcorepoints.co
de.tex
File: pgfcorepoints.code.tex 2021/05/15 v3.1.9a (3.1.9a)
\pgf@picminx=\dimen258
\pgf@picmaxx=\dimen259
\pgf@picminy=\dimen260
\pgf@picmaxy=\dimen261
\pgf@pathminx=\dimen262
\pgf@pathmaxx=\dimen263
\pgf@pathminy=\dimen264
\pgf@pathmaxy=\dimen265
\pgf@xx=\dimen266
\pgf@xy=\dimen267
\pgf@yx=\dimen268
\pgf@yy=\dimen269
\pgf@zx=\dimen270
\pgf@zy=\dimen271
)
(/usr/local/texlive/2022/texmf-dist/tex/generic/pgf/basiclayer/pgfcorepathconst
ruct.code.tex
File: pgfcorepathconstruct.code.tex 2021/05/15 v3.1.9a (3.1.9a)
\pgf@path@lastx=\dimen272
\pgf@path@lasty=\dimen273
)
(/usr/local/texlive/2022/texmf-dist/tex/generic/pgf/basiclayer/pgfcorepathusage
.code.tex
File: pgfcorepathusage.code.tex 2021/05/15 v3.1.9a (3.1.9a)
\pgf@shorten@end@additional=\dimen274
\pgf@shorten@start@additional=\dimen275
)
(/usr/local/texlive/2022/texmf-dist/tex/generic/pgf/basiclayer/pgfcorescopes.co
de.tex
File: pgfcorescopes.code.tex 2021/05/15 v3.1.9a (3.1.9a)
\pgfpic=\box69
\pgf@hbox=\box70
\pgf@layerbox@main=\box71
\pgf@picture@serial@count=\count306
)
(/usr/local/texlive/2022/texmf-dist/tex/generic/pgf/basiclayer/pgfcoregraphicst
ate.code.tex
File: pgfcoregraphicstate.code.tex 2021/05/15 v3.1.9a (3.1.9a)
\pgflinewidth=\dimen276
)
(/usr/local/texlive/2022/texmf-dist/tex/generic/pgf/basiclayer/pgfcoretransform
ations.code.tex
File: pgfcoretransformations.code.tex 2021/05/15 v3.1.9a (3.1.9a)
\pgf@pt@x=\dimen277
\pgf@pt@y=\dimen278
\pgf@pt@temp=\dimen279
)
(/usr/local/texlive/2022/texmf-dist/tex/generic/pgf/basiclayer/pgfcorequick.cod
e.tex
File: pgfcorequick.code.tex 2021/05/15 v3.1.9a (3.1.9a)
)
(/usr/local/texlive/2022/texmf-dist/tex/generic/pgf/basiclayer/pgfcoreobjects.c
ode.tex
File: pgfcoreobjects.code.tex 2021/05/15 v3.1.9a (3.1.9a)
)
(/usr/local/texlive/2022/texmf-dist/tex/generic/pgf/basiclayer/pgfcorepathproce
ssing.code.tex
File: pgfcorepathprocessing.code.tex 2021/05/15 v3.1.9a (3.1.9a)
)
(/usr/local/texlive/2022/texmf-dist/tex/generic/pgf/basiclayer/pgfcorearrows.co
de.tex
File: pgfcorearrows.code.tex 2021/05/15 v3.1.9a (3.1.9a)
\pgfarrowsep=\dimen280
)
(/usr/local/texlive/2022/texmf-dist/tex/generic/pgf/basiclayer/pgfcoreshade.cod
e.tex
File: pgfcoreshade.code.tex 2021/05/15 v3.1.9a (3.1.9a)
\pgf@max=\dimen281
\pgf@sys@shading@range@num=\count307
\pgf@shadingcount=\count308
)
(/usr/local/texlive/2022/texmf-dist/tex/generic/pgf/basiclayer/pgfcoreimage.cod
e.tex
File: pgfcoreimage.code.tex 2021/05/15 v3.1.9a (3.1.9a)

(/usr/local/texlive/2022/texmf-dist/tex/generic/pgf/basiclayer/pgfcoreexternal.
code.tex
File: pgfcoreexternal.code.tex 2021/05/15 v3.1.9a (3.1.9a)
\pgfexternal@startupbox=\box72
))
(/usr/local/texlive/2022/texmf-dist/tex/generic/pgf/basiclayer/pgfcorelayers.co
de.tex
File: pgfcorelayers.code.tex 2021/05/15 v3.1.9a (3.1.9a)
)
(/usr/local/texlive/2022/texmf-dist/tex/generic/pgf/basiclayer/pgfcoretranspare
ncy.code.tex
File: pgfcoretransparency.code.tex 2021/05/15 v3.1.9a (3.1.9a)
)
(/usr/local/texlive/2022/texmf-dist/tex/generic/pgf/basiclayer/pgfcorepatterns.
code.tex
File: pgfcorepatterns.code.tex 2021/05/15 v3.1.9a (3.1.9a)
)
(/usr/local/texlive/2022/texmf-dist/tex/generic/pgf/basiclayer/pgfcorerdf.code.
tex
File: pgfcorerdf.code.tex 2021/05/15 v3.1.9a (3.1.9a)
)))
(/usr/local/texlive/2022/texmf-dist/tex/generic/pgf/modules/pgfmoduleshapes.cod
e.tex
File: pgfmoduleshapes.code.tex 2021/05/15 v3.1.9a (3.1.9a)
\pgfnodeparttextbox=\box73
)
(/usr/local/texlive/2022/texmf-dist/tex/generic/pgf/modules/pgfmoduleplot.code.
tex
File: pgfmoduleplot.code.tex 2021/05/15 v3.1.9a (3.1.9a)
)
(/usr/local/texlive/2022/texmf-dist/tex/latex/pgf/compatibility/pgfcomp-version
-0-65.sty
Package: pgfcomp-version-0-65 2021/05/15 v3.1.9a (3.1.9a)
\pgf@nodesepstart=\dimen282
\pgf@nodesepend=\dimen283
)
(/usr/local/texlive/2022/texmf-dist/tex/latex/pgf/compatibility/pgfcomp-version
-1-18.sty
Package: pgfcomp-version-1-18 2021/05/15 v3.1.9a (3.1.9a)
))
(/usr/local/texlive/2022/texmf-dist/tex/latex/pgf/utilities/pgffor.sty
(/usr/local/texlive/2022/texmf-dist/tex/latex/pgf/utilities/pgfkeys.sty
(/usr/local/texlive/2022/texmf-dist/tex/generic/pgf/utilities/pgfkeys.code.tex)
) (/usr/local/texlive/2022/texmf-dist/tex/latex/pgf/math/pgfmath.sty
(/usr/local/texlive/2022/texmf-dist/tex/generic/pgf/math/pgfmath.code.tex))
(/usr/local/texlive/2022/texmf-dist/tex/generic/pgf/utilities/pgffor.code.tex
Package: pgffor 2021/05/15 v3.1.9a (3.1.9a)

(/usr/local/texlive/2022/texmf-dist/tex/generic/pgf/math/pgfmath.code.tex)
\pgffor@iter=\dimen284
\pgffor@skip=\dimen285
\pgffor@stack=\toks36
\pgffor@toks=\toks37
))
(/usr/local/texlive/2022/texmf-dist/tex/generic/pgf/frontendlayer/tikz/tikz.cod
e.tex
Package: tikz 2021/05/15 v3.1.9a (3.1.9a)

(/usr/local/texlive/2022/texmf-dist/tex/generic/pgf/libraries/pgflibraryplothan
dlers.code.tex
File: pgflibraryplothandlers.code.tex 2021/05/15 v3.1.9a (3.1.9a)
\pgf@plot@mark@count=\count309
\pgfplotmarksize=\dimen286
)
\tikz@lastx=\dimen287
\tikz@lasty=\dimen288
\tikz@lastxsaved=\dimen289
\tikz@lastysaved=\dimen290
\tikz@lastmovetox=\dimen291
\tikz@lastmovetoy=\dimen292
\tikzleveldistance=\dimen293
\tikzsiblingdistance=\dimen294
\tikz@figbox=\box74
\tikz@figbox@bg=\box75
\tikz@tempbox=\box76
\tikz@tempbox@bg=\box77
\tikztreelevel=\count310
\tikznumberofchildren=\count311
\tikznumberofcurrentchild=\count312
\tikz@fig@count=\count313

(/usr/local/texlive/2022/texmf-dist/tex/generic/pgf/modules/pgfmodulematrix.cod
e.tex
File: pgfmodulematrix.code.tex 2021/05/15 v3.1.9a (3.1.9a)
\pgfmatrixcurrentrow=\count314
\pgfmatrixcurrentcolumn=\count315
\pgf@matrix@numberofcolumns=\count316
)
\tikz@expandcount=\count317

(/usr/local/texlive/2022/texmf-dist/tex/generic/pgf/frontendlayer/tikz/librarie
s/tikzlibrarytopaths.code.tex
File: tikzlibrarytopaths.code.tex 2021/05/15 v3.1.9a (3.1.9a)
)))
(/usr/local/texlive/2022/texmf-dist/tex/latex/todonotes/todonotes.sty
Package: todonotes 2021/06/04 v1.1.5 Todonotes source and documentation.
Package: todonotes 2021/06/04

(/usr/local/texlive/2022/texmf-dist/tex/latex/xkeyval/xkeyval.sty
Package: xkeyval 2020/11/20 v2.8 package option processing (HA)

(/usr/local/texlive/2022/texmf-dist/tex/generic/xkeyval/xkeyval.tex
(/usr/local/texlive/2022/texmf-dist/tex/generic/xkeyval/xkvutils.tex
\XKV@toks=\toks38
\XKV@tempa@toks=\toks39
)
\XKV@depth=\count318
File: xkeyval.tex 2014/12/03 v2.7a key=value parser (HA)
))
(/usr/local/texlive/2022/texmf-dist/tex/generic/pgf/frontendlayer/tikz/librarie
s/tikzlibrarypositioning.code.tex
File: tikzlibrarypositioning.code.tex 2021/05/15 v3.1.9a (3.1.9a)
)
\c@@todonotes@numberoftodonotes=\count319
)
(/usr/local/texlive/2022/texmf-dist/tex/latex/tcolorbox/tcolorbox.sty
Package: tcolorbox 2022/01/07 version 5.0.2 text color boxes

(/usr/local/texlive/2022/texmf-dist/tex/latex/tools/verbatim.sty
Package: verbatim 2020-07-07 v1.5u LaTeX2e package for verbatim enhancements
\every@verbatim=\toks40
\verbatim@line=\toks41
\verbatim@in@stream=\read4
)
(/usr/local/texlive/2022/texmf-dist/tex/latex/environ/environ.sty
Package: environ 2014/05/04 v0.3 A new way to define environments

(/usr/local/texlive/2022/texmf-dist/tex/latex/trimspaces/trimspaces.sty
Package: trimspaces 2009/09/17 v1.1 Trim spaces around a token list
)
\@envbody=\toks42
)
\tcb@titlebox=\box78
\tcb@upperbox=\box79
\tcb@lowerbox=\box80
\tcb@phantombox=\box81
\c@tcbbreakpart=\count320
\c@tcblayer=\count321
\c@tcolorbox@number=\count322
\tcb@temp=\box82
\tcb@temp=\box83
\tcb@temp=\box84
\tcb@temp=\box85
)
(/usr/local/texlive/2022/texmf-dist/tex/latex/listings/listings.sty
\lst@mode=\count323
\lst@gtempboxa=\box86
\lst@token=\toks43
\lst@length=\count324
\lst@currlwidth=\dimen295
\lst@column=\count325
\lst@pos=\count326
\lst@lostspace=\dimen296
\lst@width=\dimen297
\lst@newlines=\count327
\lst@lineno=\count328
\lst@maxwidth=\dimen298

(/usr/local/texlive/2022/texmf-dist/tex/latex/listings/lstmisc.sty
File: lstmisc.sty 2020/03/24 1.8d (Carsten Heinz)
\c@lstnumber=\count329
\lst@skipnumbers=\count330
\lst@framebox=\box87
)
(/usr/local/texlive/2022/texmf-dist/tex/latex/listings/listings.cfg
File: listings.cfg 2020/03/24 1.8d listings configuration
))
Package: listings 2020/03/24 1.8d (Carsten Heinz)

(/usr/local/texlive/2022/texmf-dist/tex/latex/biblatex/biblatex.sty
Package: biblatex 2022/02/02 v3.17 programmable bibliographies (PK/MW)

(/usr/local/texlive/2022/texmf-dist/tex/latex/logreq/logreq.sty
Package: logreq 2010/08/04 v1.0 xml request logger
\lrq@indent=\count331

(/usr/local/texlive/2022/texmf-dist/tex/latex/logreq/logreq.def
File: logreq.def 2010/08/04 v1.0 logreq spec v1.0
))
(/usr/local/texlive/2022/texmf-dist/tex/latex/url/url.sty
\Urlmuskip=\muskip16
Package: url 2013/09/16  ver 3.4  Verb mode for urls, etc.
)
\c@tabx@nest=\count332
\c@listtotal=\count333
\c@listcount=\count334
\c@liststart=\count335
\c@liststop=\count336
\c@citecount=\count337
\c@citetotal=\count338
\c@multicitecount=\count339
\c@multicitetotal=\count340
\c@instcount=\count341
\c@maxnames=\count342
\c@minnames=\count343
\c@maxitems=\count344
\c@minitems=\count345
\c@citecounter=\count346
\c@maxcitecounter=\count347
\c@savedcitecounter=\count348
\c@uniquelist=\count349
\c@uniquename=\count350
\c@refsection=\count351
\c@refsegment=\count352
\c@maxextratitle=\count353
\c@maxextratitleyear=\count354
\c@maxextraname=\count355
\c@maxextradate=\count356
\c@maxextraalpha=\count357
\c@abbrvpenalty=\count358
\c@highnamepenalty=\count359
\c@lownamepenalty=\count360
\c@maxparens=\count361
\c@parenlevel=\count362
\blx@tempcnta=\count363
\blx@tempcntb=\count364
\blx@tempcntc=\count365
\c@blx@maxsection=\count366
\c@blx@maxsegment@0=\count367
\blx@notetype=\count368
\blx@parenlevel@text=\count369
\blx@parenlevel@foot=\count370
\c@blx@sectionciteorder@0=\count371
\blx@entrysetcounter=\count372
\blx@biblioinstance=\count373
\labelnumberwidth=\skip61
\labelalphawidth=\skip62
\biblabelsep=\skip63
\bibitemsep=\skip64
\bibnamesep=\skip65
\bibinitsep=\skip66
\bibparsep=\skip67
\bibhang=\skip68
\blx@bcfin=\read5
\blx@bcfout=\write4
\blx@langwohyphens=\language88
\c@mincomprange=\count374
\c@maxcomprange=\count375
\c@mincompwidth=\count376
Package biblatex Info: Trying to load biblatex default data model...
Package biblatex Info: ... file 'blx-dm.def' found.

(/usr/local/texlive/2022/texmf-dist/tex/latex/biblatex/blx-dm.def
File: blx-dm.def 2022/02/02 v3.17 biblatex localization (PK/MW)
)
Package biblatex Info: Trying to load biblatex style data model...
Package biblatex Info: ... file 'authoryear.dbx' not found.
Package biblatex Info: Trying to load biblatex custom data model...
Package biblatex Info: ... file 'biblatex-dm.cfg' not found.
\c@afterword=\count377
\c@savedafterword=\count378
\c@annotator=\count379
\c@savedannotator=\count380
\c@author=\count381
\c@savedauthor=\count382
\c@bookauthor=\count383
\c@savedbookauthor=\count384
\c@commentator=\count385
\c@savedcommentator=\count386
\c@editor=\count387
\c@savededitor=\count388
\c@editora=\count389
\c@savededitora=\count390
\c@editorb=\count391
\c@savededitorb=\count392
\c@editorc=\count393
\c@savededitorc=\count394
\c@foreword=\count395
\c@savedforeword=\count396
\c@holder=\count397
\c@savedholder=\count398
\c@introduction=\count399
\c@savedintroduction=\count400
\c@namea=\count401
\c@savednamea=\count402
\c@nameb=\count403
\c@savednameb=\count404
\c@namec=\count405
\c@savednamec=\count406
\c@translator=\count407
\c@savedtranslator=\count408
\c@shortauthor=\count409
\c@savedshortauthor=\count410
\c@shorteditor=\count411
\c@savedshorteditor=\count412
\c@labelname=\count413
\c@savedlabelname=\count414
\c@institution=\count415
\c@savedinstitution=\count416
\c@lista=\count417
\c@savedlista=\count418
\c@listb=\count419
\c@savedlistb=\count420
\c@listc=\count421
\c@savedlistc=\count422
\c@listd=\count423
\c@savedlistd=\count424
\c@liste=\count425
\c@savedliste=\count426
\c@listf=\count427
\c@savedlistf=\count428
\c@location=\count429
\c@savedlocation=\count430
\c@organization=\count431
\c@savedorganization=\count432
\c@origlocation=\count433
\c@savedoriglocation=\count434
\c@origpublisher=\count435
\c@savedorigpublisher=\count436
\c@publisher=\count437
\c@savedpublisher=\count438
\c@language=\count439
\c@savedlanguage=\count440
\c@origlanguage=\count441
\c@savedoriglanguage=\count442
\c@pageref=\count443
\c@savedpageref=\count444
\shorthandwidth=\skip69
\shortjournalwidth=\skip70
\shortserieswidth=\skip71
\shorttitlewidth=\skip72
\shortauthorwidth=\skip73
\shorteditorwidth=\skip74
\locallabelnumberwidth=\skip75
\locallabelalphawidth=\skip76
\localshorthandwidth=\skip77
\localshortjournalwidth=\skip78
\localshortserieswidth=\skip79
\localshorttitlewidth=\skip80
\localshortauthorwidth=\skip81
\localshorteditorwidth=\skip82
Package biblatex Info: Trying to load compatibility code...
Package biblatex Info: ... file 'blx-compat.def' found.

(/usr/local/texlive/2022/texmf-dist/tex/latex/biblatex/blx-compat.def
File: blx-compat.def 2022/02/02 v3.17 biblatex compatibility (PK/MW)
)
Package biblatex Info: Trying to load generic definitions...
Package biblatex Info: ... file 'biblatex.def' found.

(/usr/local/texlive/2022/texmf-dist/tex/latex/biblatex/biblatex.def
File: biblatex.def 2022/02/02 v3.17 biblatex compatibility (PK/MW)
\c@textcitecount=\count445
\c@textcitetotal=\count446
\c@textcitemaxnames=\count447
\c@biburlbigbreakpenalty=\count448
\c@biburlbreakpenalty=\count449
\c@biburlnumpenalty=\count450
\c@biburlucpenalty=\count451
\c@biburllcpenalty=\count452
\biburlbigskip=\muskip17
\biburlnumskip=\muskip18
\biburlucskip=\muskip19
\biburllcskip=\muskip20
\c@smartand=\count453
)
Package biblatex Info: Trying to load bibliography style 'authoryear'...
Package biblatex Info: ... file 'authoryear.bbx' found.

(/usr/local/texlive/2022/texmf-dist/tex/latex/biblatex/bbx/authoryear.bbx
File: authoryear.bbx 2022/02/02 v3.17 biblatex bibliography style (PK/MW)
Package biblatex Info: Trying to load bibliography style 'standard'...
Package biblatex Info: ... file 'standard.bbx' found.

(/usr/local/texlive/2022/texmf-dist/tex/latex/biblatex/bbx/standard.bbx
File: standard.bbx 2022/02/02 v3.17 biblatex bibliography style (PK/MW)
\c@bbx:relatedcount=\count454
\c@bbx:relatedtotal=\count455
))
Package biblatex Info: Trying to load citation style 'authoryear'...
Package biblatex Info: ... file 'authoryear.cbx' found.

(/usr/local/texlive/2022/texmf-dist/tex/latex/biblatex/cbx/authoryear.cbx
File: authoryear.cbx 2022/02/02 v3.17 biblatex citation style (PK/MW)
Package biblatex Info: Redefining '\cite'.
Package biblatex Info: Redefining '\parencite'.
Package biblatex Info: Redefining '\footcite'.
Package biblatex Info: Redefining '\footcitetext'.
Package biblatex Info: Redefining '\smartcite'.
Package biblatex Info: Redefining '\textcite'.
Package biblatex Info: Redefining '\textcites'.
)
Package biblatex Info: Trying to load configuration file...
Package biblatex Info: ... file 'biblatex.cfg' found.

(/usr/local/texlive/2022/texmf-dist/tex/latex/biblatex/biblatex.cfg
File: biblatex.cfg 
)
Package biblatex Info: Input encoding 'utf8' detected.
Package biblatex Info: Document encoding is UTF8 ....
Package biblatex Info: ... and expl3
(biblatex)             2022-02-24 L3 programming layer (loader) 
(biblatex)             is new enough (at least 2020/04/06),
(biblatex)             setting 'casechanger=expl3'.

(/usr/local/texlive/2022/texmf-dist/tex/latex/biblatex/blx-case-expl3.sty
Package: blx-case-expl3 2022/02/02 v3.17 expl3 case changing code for biblatex
))
(/usr/local/texlive/2022/texmf-dist/tex/latex/csquotes/csquotes.sty
Package: csquotes 2021-02-22 v5.2l context-sensitive quotations (JAW)
\csq@reset=\count456
\csq@gtype=\count457
\csq@glevel=\count458
\csq@qlevel=\count459
\csq@maxlvl=\count460
\csq@tshold=\count461
\csq@ltx@everypar=\toks44

(/usr/local/texlive/2022/texmf-dist/tex/latex/csquotes/csquotes.def
File: csquotes.def 2021-02-22 v5.2l csquotes generic definitions (JAW)
)
Package csquotes Info: Trying to load configuration file 'csquotes.cfg'...
Package csquotes Info: ... configuration file loaded successfully.

(/usr/local/texlive/2022/texmf-dist/tex/latex/csquotes/csquotes.cfg
File: csquotes.cfg 
)
Package csquotes Info: Enabling multilingual quotes.
)
(/usr/local/texlive/2022/texmf-dist/tex/latex/enumitem/enumitem.sty
Package: enumitem 2019/06/20 v3.9 Customized lists
\labelindent=\skip83
\enit@outerparindent=\dimen299
\enit@toks=\toks45
\enit@inbox=\box88
\enit@count@id=\count462
\enitdp@description=\count463
)
(/usr/local/texlive/2022/texmf-dist/tex/latex/float/float.sty
Package: float 2001/11/08 v1.3d Float enhancements (AL)
\c@float@type=\count464
\float@exts=\toks46
\float@box=\box89
\@float@everytoks=\toks47
\@floatcapt=\box90
)
(/usr/local/texlive/2022/texmf-dist/tex/latex/acro/acro.sty
Package: acro 2022/01/27 v3.7 typeset acronyms and other abbreviations (CN)
\g__acro_version_int=\count465
\l__acro_tmpa_int=\count466
\l__acro_tmpb_int=\count467
\l__acro_tmpc_int=\count468
\l__acro_tmpd_int=\count469
Loading module `base' ...
Loading module `interface' ...
Loading module `aux' ...
Loading module `properties' ...
Loading module `acronyms' ...
Loading module `formatting' ...
Loading module `ppfixes' ...
Loading module `tools' ...
\l__acro_minimal_usage_int=\count470
\l__acro_nest_int=\count471
\g_acro_barrier_int=\count472
\g_acro_barrier_total_int=\count473
Loading module `commands' ...
Loading module `templates' ...
Loading module `list' ...
Loading module `pages' ...
\l__acro_pages_seq_threshold_int=\count474
Loading module `locale' ...
Loading module `pdfsupport' ...
Loading module `patch' ...
Loading module `definitions' ...
Loading module `upgrade' ...
)
(/usr/local/texlive/2022/texmf-dist/tex/latex/amsmath/amsmath.sty
Package: amsmath 2021/10/15 v2.17l AMS math features
\@mathmargin=\skip84

For additional information on amsmath, use the `?' option.
(/usr/local/texlive/2022/texmf-dist/tex/latex/amsmath/amsbsy.sty
Package: amsbsy 1999/11/29 v1.2d Bold Symbols
\pmbraise@=\dimen300
)
(/usr/local/texlive/2022/texmf-dist/tex/latex/amsmath/amsopn.sty
Package: amsopn 2021/08/26 v2.02 operator names
)
\inf@bad=\count475
LaTeX Info: Redefining \frac on input line 234.
\uproot@=\count476
\leftroot@=\count477
LaTeX Info: Redefining \overline on input line 399.
\classnum@=\count478
\DOTSCASE@=\count479
LaTeX Info: Redefining \ldots on input line 496.
LaTeX Info: Redefining \dots on input line 499.
LaTeX Info: Redefining \cdots on input line 620.
\Mathstrutbox@=\box91
\strutbox@=\box92
\big@size=\dimen301
LaTeX Font Info:    Redeclaring font encoding OML on input line 743.
LaTeX Font Info:    Redeclaring font encoding OMS on input line 744.
\macc@depth=\count480
\c@MaxMatrixCols=\count481
\dotsspace@=\muskip21
\c@parentequation=\count482
\dspbrk@lvl=\count483
\tag@help=\toks48
\row@=\count484
\column@=\count485
\maxfields@=\count486
\andhelp@=\toks49
\eqnshift@=\dimen302
\alignsep@=\dimen303
\tagshift@=\dimen304
\tagwidth@=\dimen305
\totwidth@=\dimen306
\lineht@=\dimen307
\@envbody=\toks50
\multlinegap=\skip85
\multlinetaggap=\skip86
\mathdisplay@stack=\toks51
LaTeX Info: Redefining \[ on input line 2938.
LaTeX Info: Redefining \] on input line 2939.
)
(./Front/acronyms.tex
\g__acro_nasa_int=\count487
\g__acro_pdf_int=\count488
\g__acro_gpu_int=\count489
\g__acro_above_int=\count490
\g__acro_avirisng_int=\count491
\g__acro_ava_int=\count492
\g__acro_daac_int=\count493
\g__acro_ornl_int=\count494
\g__acro_jpl_int=\count495
\g__acro_pcoa_int=\count496
\g__acro_pca_int=\count497
\g__acro_hdbscan_int=\count498
\g__acro_bil_int=\count499
\g__acro_savi_int=\count500
\g__acro_gdal_int=\count501
\g__acro_nir_int=\count502
\g__acro_png_int=\count503
\g__acro_wcss_int=\count504
\g__acro_svh_int=\count505
))
(/usr/local/texlive/2022/texmf-dist/tex/latex/koma-script/scrhack.sty
Package: scrhack 2021/11/13 v3.35 KOMA-Script package (hacking other packages)

(/usr/local/texlive/2022/texmf-dist/tex/latex/xpatch/xpatch.sty
Package: xpatch 2020/03/25 v0.3a Extending etoolbox patching commands
)
Package scrhack Info: loading float hack on input line 178.

(/usr/local/texlive/2022/texmf-dist/tex/latex/koma-script/float.hak
File: float.hak 2021/11/13 v3.35 KOMA-Script scrhack part (hacking package floa
t)

(/usr/local/texlive/2022/texmf-dist/tex/latex/koma-script/tocbasic.sty
Package: tocbasic 2021/11/13 v3.35 KOMA-Script package (handling toc-files)
\scr@dte@tocline@numberwidth=\skip87
\scr@dte@tocline@numbox=\box93
)
Package scrhack Info: redefining \newfloat on input line 163.
Package scrhack Info: redefining \listof on input line 163.
Package scrhack Info: undefining \float@addtolists on input line 163.
)
Package scrhack Info: loading listings hack on input line 185.

(/usr/local/texlive/2022/texmf-dist/tex/latex/koma-script/listings.hak
File: listings.hak 2021/11/13 v3.35 KOMA-Script scrhack part (hacking package l
istings)
Package tocbasic Info: setting babel extension for `lol' on input line 143.
Package scrhack Info: redefining \lstlistoflistings on input line 143.
)
Package scrhack Info: loading setspace hack on input line 199.

(/usr/local/texlive/2022/texmf-dist/tex/latex/koma-script/setspace.hak
File: setspace.hak 2021/11/13 v3.35 KOMA-Script scrhack part (hacking package s
etspace)
)
Package scrhack Info: loading lscape hack on input line 207.

(/usr/local/texlive/2022/texmf-dist/tex/latex/koma-script/lscape.hak
File: lscape.hak 2021/11/13 v3.35 KOMA-Script scrhack part (hacking package lsc
ape)
Package scrhack Info: \landscape patched to make \textheight change optional on
 input line 90.
\scrh@LT@textheight=\skip88
))
(/usr/local/texlive/2022/texmf-dist/tex/latex/hyperref/hyperref.sty
Package: hyperref 2022-02-21 v7.00n Hypertext links for LaTeX

(/usr/local/texlive/2022/texmf-dist/tex/generic/kvdefinekeys/kvdefinekeys.sty
Package: kvdefinekeys 2019-12-19 v1.6 Define keys (HO)
)
(/usr/local/texlive/2022/texmf-dist/tex/generic/pdfescape/pdfescape.sty
Package: pdfescape 2019/12/09 v1.15 Implements pdfTeX's escape features (HO)
)
(/usr/local/texlive/2022/texmf-dist/tex/latex/hycolor/hycolor.sty
Package: hycolor 2020-01-27 v1.10 Color options for hyperref/bookmark (HO)
)
(/usr/local/texlive/2022/texmf-dist/tex/latex/letltxmacro/letltxmacro.sty
Package: letltxmacro 2019/12/03 v1.6 Let assignment for LaTeX macros (HO)
)
(/usr/local/texlive/2022/texmf-dist/tex/latex/auxhook/auxhook.sty
Package: auxhook 2019-12-17 v1.6 Hooks for auxiliary files (HO)
)
\@linkdim=\dimen308
\Hy@linkcounter=\count506
\Hy@pagecounter=\count507

(/usr/local/texlive/2022/texmf-dist/tex/latex/hyperref/pd1enc.def
File: pd1enc.def 2022-02-21 v7.00n Hyperref: PDFDocEncoding definition (HO)
Now handling font encoding PD1 ...
... no UTF-8 mapping file for font encoding PD1
)
(/usr/local/texlive/2022/texmf-dist/tex/generic/intcalc/intcalc.sty
Package: intcalc 2019/12/15 v1.3 Expandable calculations with integers (HO)
)
(/usr/local/texlive/2022/texmf-dist/tex/generic/etexcmds/etexcmds.sty
Package: etexcmds 2019/12/15 v1.7 Avoid name clashes with e-TeX commands (HO)
)
\Hy@SavedSpaceFactor=\count508

(/usr/local/texlive/2022/texmf-dist/tex/latex/hyperref/puenc.def
File: puenc.def 2022-02-21 v7.00n Hyperref: PDF Unicode definition (HO)
Now handling font encoding PU ...
... no UTF-8 mapping file for font encoding PU
)
Package hyperref Info: Hyper figures OFF on input line 4137.
Package hyperref Info: Link nesting OFF on input line 4142.
Package hyperref Info: Hyper index ON on input line 4145.
Package hyperref Info: Plain pages OFF on input line 4152.
Package hyperref Info: Backreferencing OFF on input line 4157.
Package hyperref Info: Implicit mode ON; LaTeX internals redefined.
Package hyperref Info: Bookmarks ON on input line 4390.
\c@Hy@tempcnt=\count509
LaTeX Info: Redefining \url on input line 4749.
\XeTeXLinkMargin=\dimen309

(/usr/local/texlive/2022/texmf-dist/tex/generic/bitset/bitset.sty
Package: bitset 2019/12/09 v1.3 Handle bit-vector datatype (HO)

(/usr/local/texlive/2022/texmf-dist/tex/generic/bigintcalc/bigintcalc.sty
Package: bigintcalc 2019/12/15 v1.5 Expandable calculations on big integers (HO
)
))
\Fld@menulength=\count510
\Field@Width=\dimen310
\Fld@charsize=\dimen311
Package hyperref Info: Hyper figures OFF on input line 6027.
Package hyperref Info: Link nesting OFF on input line 6032.
Package hyperref Info: Hyper index ON on input line 6035.
Package hyperref Info: backreferencing OFF on input line 6042.
Package hyperref Info: Link coloring OFF on input line 6047.
Package hyperref Info: Link coloring with OCG OFF on input line 6052.
Package hyperref Info: PDF/A mode OFF on input line 6057.
LaTeX Info: Redefining \ref on input line 6097.
LaTeX Info: Redefining \pageref on input line 6101.

(/usr/local/texlive/2022/texmf-dist/tex/latex/base/atbegshi-ltx.sty
Package: atbegshi-ltx 2021/01/10 v1.0c Emulation of the original atbegshi
package with kernel methods
)
\Hy@abspage=\count511
\c@Item=\count512
\c@Hfootnote=\count513
)
Package scrhack Info: hyperref hack deactivated because of
(scrhack)             detection of hyperref version, that doesn't
(scrhack)             need that hack, on input line 129.
Package hyperref Info: Driver (autodetected): hpdftex.

(/usr/local/texlive/2022/texmf-dist/tex/latex/hyperref/hpdftex.def
File: hpdftex.def 2022-02-21 v7.00n Hyperref driver for pdfTeX

(/usr/local/texlive/2022/texmf-dist/tex/latex/base/atveryend-ltx.sty
Package: atveryend-ltx 2020/08/19 v1.0a Emulation of the original atveryend pac
kage
with kernel methods
)
\Fld@listcount=\count514
\c@bookmark@seq@number=\count515

(/usr/local/texlive/2022/texmf-dist/tex/latex/rerunfilecheck/rerunfilecheck.sty
Package: rerunfilecheck 2019/12/05 v1.9 Rerun checks for auxiliary files (HO)

(/usr/local/texlive/2022/texmf-dist/tex/generic/uniquecounter/uniquecounter.sty
Package: uniquecounter 2019/12/15 v1.4 Provide unlimited unique counter (HO)
)
Package uniquecounter Info: New unique counter `rerunfilecheck' on input line 2
86.
)
\Hy@SectionHShift=\skip89
)
Package hyperref Info: Option `bookmarksopen' set `true' on input line 129.
Package hyperref Info: Option `hypertexnames' set `false' on input line 129.
Package hyperref Info: Option `colorlinks' set `true' on input line 129.
Package hyperref Info: Option `unicode' set `true' on input line 129.
Package hyperref Info: Option `breaklinks' set `true' on input line 129.
Package csquotes Info: Checking for multilingual support...
Package csquotes Info: ... found 'babel' package.
LaTeX Font Info:    Trying to load font information for T1+ppl on input line 12
9.
 (/usr/local/texlive/2022/texmf-dist/tex/latex/psnfss/t1ppl.fd
File: t1ppl.fd 2001/06/04 font definitions for T1/ppl.
) (./main.aux
(./Front/titlepage.aux) (./Front/imprint.aux) (./Chapters/1_Introduction.aux)
(./Chapters/2_MaterialsAndMethods.aux) (./Chapters/3_0_Results.aux

LaTeX Warning: Label `tab:lm_plantspecies_spectral' multiply defined.


LaTeX Warning: Label `tab:lm_plantspecies_spectral' multiply defined.


LaTeX Warning: Label `tab:lm_plantspecies_spectral' multiply defined.


LaTeX Warning: Label `tab:lm_plantspecies_spectral' multiply defined.

) (./Appendices/Appendices.aux

LaTeX Warning: Label `tab:lm_plantspecies_spectral' multiply defined.


LaTeX Warning: Label `tab:lm_plantspecies_spectral_group_cd' multiply defined.


LaTeX Warning: Label `tab:lm_plantspecies_spectral_group_e' multiply defined.


LaTeX Warning: Label `tab:lm_plant_community_spectral' multiply defined.


LaTeX Warning: Label `tab:lm_plantspecies_spectral' multiply defined.


LaTeX Warning: Label `tab:lm_plantspecies_spectral' multiply defined.


LaTeX Warning: Label `tab:lm_habitat_type_spectral' multiply defined.


LaTeX Warning: Label `tab:lm_plantspecies_spectral' multiply defined.


LaTeX Warning: Label `tab:lm_plantspecies_spectral' multiply defined.

))
\openout1 = `main.aux'.

LaTeX Font Info:    Checking defaults for OML/cmm/m/it on input line 129.
LaTeX Font Info:    ... okay on input line 129.
LaTeX Font Info:    Checking defaults for OMS/cmsy/m/n on input line 129.
LaTeX Font Info:    ... okay on input line 129.
LaTeX Font Info:    Checking defaults for OT1/cmr/m/n on input line 129.
LaTeX Font Info:    ... okay on input line 129.
LaTeX Font Info:    Checking defaults for T1/cmr/m/n on input line 129.
LaTeX Font Info:    ... okay on input line 129.
LaTeX Font Info:    Checking defaults for TS1/cmr/m/n on input line 129.
LaTeX Font Info:    ... okay on input line 129.
LaTeX Font Info:    Checking defaults for OMX/cmex/m/n on input line 129.
LaTeX Font Info:    ... okay on input line 129.
LaTeX Font Info:    Checking defaults for U/cmr/m/n on input line 129.
LaTeX Font Info:    ... okay on input line 129.
LaTeX Font Info:    Checking defaults for PD1/pdf/m/n on input line 129.
LaTeX Font Info:    ... okay on input line 129.
LaTeX Font Info:    Checking defaults for PU/pdf/m/n on input line 129.
LaTeX Font Info:    ... okay on input line 129.

(/usr/local/texlive/2022/texmf-dist/tex/latex/translations/translations-basic-d
ictionary-english.trsl
File: translations-basic-dictionary-english.trsl (english translation file `tra
nslations-basic-dictionary')
)
Package translations Info: loading dictionary `translations-basic-dictionary' f
or `english'. on input line 129.

(/usr/local/texlive/2022/texmf-dist/tex/context/base/mkii/supp-pdf.mkii
[Loading MPS to PDF converter (version 2006.09.02).]
\scratchcounter=\count516
\scratchdimen=\dimen312
\scratchbox=\box94
\nofMPsegments=\count517
\nofMParguments=\count518
\everyMPshowfont=\toks52
\MPscratchCnt=\count519
\MPscratchDim=\dimen313
\MPnumerator=\count520
\makeMPintoPDFobject=\count521
\everyMPtoPDFconversion=\toks53
) (/usr/local/texlive/2022/texmf-dist/tex/latex/epstopdf-pkg/epstopdf-base.sty
Package: epstopdf-base 2020-01-24 v2.11 Base part for package epstopdf
Package epstopdf-base Info: Redefining graphics rule for `.eps' on input line 4
85.

(/usr/local/texlive/2022/texmf-dist/tex/latex/latexconfig/epstopdf-sys.cfg
File: epstopdf-sys.cfg 2010/07/13 v1.3 Configuration of (r)epstopdf for TeX Liv
e
))
Package caption Info: Begin \AtBeginDocument code.
Package caption Info: float package is loaded.
Package caption Info: hyperref package is loaded.
Package caption Info: listings package is loaded.
Package caption Info: End \AtBeginDocument code.

*geometry* driver: auto-detecting
*geometry* detected driver: pdftex
*geometry* verbose mode - [ preamble ] result:
* driver: pdftex
* paper: a4paper
* layout: <same size as paper>
* layoutoffset:(h,v)=(0.0pt,0.0pt)
* bindingoffset: 14.22636pt
* modes: includehead includefoot twoside 
* h-part:(L,W,R)=(71.13188pt, 404.02908pt, 108.12054pt)
* v-part:(T,H,B)=(42.67912pt, 759.6886pt, 42.67912pt)
* \paperwidth=597.50787pt
* \paperheight=845.04684pt
* \textwidth=404.02908pt
* \textheight=693.49821pt
* \oddsidemargin=13.08826pt
* \evensidemargin=35.85056pt
* \topmargin=-29.59087pt
* \headheight=18.85364pt
* \headsep=19.8738pt
* \topskip=11.0pt
* \footskip=27.46295pt
* \marginparwidth=71.13188pt
* \marginparsep=7.0pt
* \columnsep=10.0pt
* \skip\footins=10.0pt plus 4.0pt minus 2.0pt
* \hoffset=0.0pt
* \voffset=0.0pt
* \mag=1000
* \@twocolumnfalse
* \@twosidetrue
* \@mparswitchtrue
* \@reversemarginfalse
* (1in=72.27pt=25.4mm, 1cm=28.453pt)

Package scrlayer Info: Setting magic \footheight to \baselineskip while
(scrlayer)             \begin{document} on input line 129.
Package scrbase Info: activating english \abbrevname on input line 129.
Package scrbase Info: activating english \byname on input line 129.
Package scrbase Info: activating english \acknowledgementname on input line 129
.
Package scrbase Info: activating english \authorshipname on input line 129.
Package scrbase Info: activating english \constantsname on input line 129.
Package scrbase Info: activating english \symbolsname on input line 129.
\c@lstlisting=\count522
Package biblatex Info: Trying to load language 'english'...
Package biblatex Info: ... file 'english.lbx' found.
(/usr/local/texlive/2022/texmf-dist/tex/latex/biblatex/lbx/english.lbx
File: english.lbx 2022/02/02 v3.17 biblatex localization (PK/MW)
)
Package biblatex Info: Input encoding 'utf8' detected.
Package biblatex Info: Automatic encoding selection.
(biblatex)             Assuming data encoding 'utf8'.
\openout4 = `main.bcf'.

Package biblatex Info: Trying to load bibliographic data...
Package biblatex Info: ... file 'main.bbl' found.

(./main.bbl)
Package biblatex Info: Reference section=0 on input line 129.
Package biblatex Info: Reference segment=0 on input line 129.
Package scrhack Info: undefining \float@addtolists on input line 129.
Package hyperref Info: Link coloring ON on input line 129.
 (/usr/local/texlive/2022/texmf-dist/tex/latex/hyperref/nameref.sty
Package: nameref 2021-04-02 v2.47 Cross-referencing by name of section
(/usr/local/texlive/2022/texmf-dist/tex/latex/refcount/refcount.sty
Package: refcount 2019/12/15 v3.6 Data extraction from label references (HO)
)
(/usr/local/texlive/2022/texmf-dist/tex/generic/gettitlestring/gettitlestring.s
ty
Package: gettitlestring 2019/12/15 v1.6 Cleanup title references (HO)
)
\c@section@level=\count523
)
LaTeX Info: Redefining \ref on input line 129.
LaTeX Info: Redefining \pageref on input line 129.
LaTeX Info: Redefining \nameref on input line 129.
 (./main.out) (./main.out)
\@outlinefile=\write5
\openout5 = `main.out'.


1: section
\openout2 = `Front/titlepage.aux'.

(./Front/titlepage.tex
*geometry* verbose mode - [ newgeometry ] result:
* driver: pdftex
* paper: a4paper
* layout: <same size as paper>
* layoutoffset:(h,v)=(0.0pt,0.0pt)
* modes: twoside 
* h-part:(L,W,R)=(72.26999pt, 452.9679pt, 72.26999pt)
* v-part:(T,H,B)=(72.26999pt, 700.50687pt, 72.26999pt)
* \paperwidth=597.50787pt
* \paperheight=845.04684pt
* \textwidth=452.9679pt
* \textheight=700.50687pt
* \oddsidemargin=0.0pt
* \evensidemargin=0.0pt
* \topmargin=-38.72743pt
* \headheight=18.85364pt
* \headsep=19.8738pt
* \topskip=11.0pt
* \footskip=27.46295pt
* \marginparwidth=71.13188pt
* \marginparsep=7.0pt
* \columnsep=10.0pt
* \skip\footins=10.0pt plus 4.0pt minus 2.0pt
* \hoffset=0.0pt
* \voffset=0.0pt
* \mag=1000
* \@twocolumnfalse
* \@twosidetrue
* \@mparswitchtrue
* \@reversemarginfalse
* (1in=72.27pt=25.4mm, 1cm=28.453pt)

<Figures/UZH_IEU.png, id=308, 173.448pt x 94.2795pt>
File: Figures/UZH_IEU.png Graphic file (type png)
<use Figures/UZH_IEU.png>
Package pdftex.def Info: Figures/UZH_IEU.png  used on input line 14.
(pdftex.def)             Requested size: 226.48395pt x 123.11429pt.
 [1





{/usr/local/texlive/2022/texmf-var/fonts/map/pdftex/updmap/pdftex.map} <./Figur
es/UZH_IEU.png>])
\openout2 = `Front/imprint.aux'.

 (./Front/imprint.tex
LaTeX Font Info:    Trying to load font information for OT1+ppl on input line 1
7.

(/usr/local/texlive/2022/texmf-dist/tex/latex/psnfss/ot1ppl.fd
File: ot1ppl.fd 2001/06/04 font definitions for OT1/ppl.
)
LaTeX Font Info:    Trying to load font information for OML+zplm on input line 
17.

(/usr/local/texlive/2022/texmf-dist/tex/latex/psnfss/omlzplm.fd
File: omlzplm.fd 2002/09/08 Fontinst v1.914 font definitions for OML/zplm.
)
LaTeX Font Info:    Trying to load font information for OMS+zplm on input line 
17.

(/usr/local/texlive/2022/texmf-dist/tex/latex/psnfss/omszplm.fd
File: omszplm.fd 2002/09/08 Fontinst v1.914 font definitions for OMS/zplm.
)
LaTeX Font Info:    Trying to load font information for OMX+zplm on input line 
17.

(/usr/local/texlive/2022/texmf-dist/tex/latex/psnfss/omxzplm.fd
File: omxzplm.fd 2002/09/08 Fontinst v1.914 font definitions for OMX/zplm.
)
LaTeX Font Info:    Trying to load font information for OT1+zplm on input line 
17.

(/usr/local/texlive/2022/texmf-dist/tex/latex/psnfss/ot1zplm.fd
File: ot1zplm.fd 2002/09/08 Fontinst v1.914 font definitions for OT1/zplm.
)) [2




]
(./main.toc
1: section
[3




])
\tf@toc=\write6
\openout6 = `main.toc'.

 [4]
1: section
[5

]
1: section
\openout2 = `Chapters/1_Introduction.aux'.

(./Chapters/1_Introduction.tex
Chapter 1.

LaTeX Warning: Citation 'garcia_criado_plant_2025' on page 1 undefined on input
 line 4.


LaTeX Warning: Citation 'bjorkman_status_2019' on page 1 undefined on input lin
e 4.


LaTeX Warning: Citation 'wenzl_vegetation_2024' on page 1 undefined on input li
ne 4.


Overfull \hbox (63.48805pt too wide) in paragraph at lines 4--5
\T1/ppl/m/n/10.95 habi-tat dis-tri-bu-tion ([]; []; []).
 []


LaTeX Warning: Citation 'elisa_van_cleemput_making_2022' on page 1 undefined on
 input line 6.


LaTeX Warning: Citation 'pijnenburg_mapping_2023' on page 1 undefined on input 
line 6.


LaTeX Warning: Citation 'garcia_criado_plant_2025' on page 1 undefined on input
 line 6.


LaTeX Warning: Citation 'bjorkman_status_2019' on page 1 undefined on input lin
e 6.


LaTeX Warning: Citation 'palmer_quantitative_2002' on page 1 undefined on input
 line 8.


LaTeX Warning: Citation 'schmidtlein_spectral_2017' on page 1 undefined on inpu
t line 8.


LaTeX Warning: Citation 'palmer_quantitative_2002' on page 1 undefined on input
 line 8.


LaTeX Warning: Citation 'rocchini_remotely_2010' on page 1 undefined on input l
ine 8.


Overfull \hbox (38.10472pt too wide) in paragraph at lines 8--9
\T1/ppl/m/n/10.95 mote sens-ing data cor-re-lates pos-i-tively with eco-log-i-c
al di-ver-sity ([];
 []


Overfull \hbox (9.2955pt too wide) in paragraph at lines 8--9
[]\T1/ppl/m/n/10.95 ). How-ever, em-pir-i-cal sup-port for the SVH has been mix
ed.
 []


LaTeX Warning: Citation 'feret_biodivmapr_2020' on page 1 undefined on input li
ne 10.


LaTeX Warning: Citation 'feret_mapping_2014' on page 1 undefined on input line 
10.


LaTeX Warning: Citation 'pijnenburg_mapping_2023' on page 1 undefined on input 
line 10.


LaTeX Warning: Citation 'zhang_assessment_2023' on page 1 undefined on input li
ne 10.


LaTeX Warning: Citation 'robertson_effects_2023' on page 1 undefined on input l
ine 10.


LaTeX Warning: Citation 'liccari_use_2022' on page 1 undefined on input line 10
.


Overfull \hbox (64.93448pt too wide) in paragraph at lines 10--11
[]\T1/ppl/m/n/10.95 ; []; []; []).
 []

1: section
[1



]) [2]
\openout2 = `Chapters/2_MaterialsAndMethods.aux'.

 (./Chapters/2_MaterialsAndMethods.tex
Chapter 2.

LaTeX Warning: Citation 'walker_circumpolar_2005' on page 3 undefined on input 
line 8.


LaTeX Warning: Citation 'walker_circumpolar_2016' on page 3 undefined on input 
line 8.


LaTeX Warning: Citation 'walker_circumpolar_2005' on page 3 undefined on input 
line 8.


Overfull \hbox (2.05833pt too wide) in paragraph at lines 8--9
\T1/ppl/m/n/10.95 shrubs, mosses, and lichens. Com-mon plant types in-clude dwa
rf shrubs, graminoids,
 []


LaTeX Warning: Citation 'noauthor_current_nodate' on page 3 undefined on input 
line 12.


LaTeX Warning: Citation 'hennekens_stephan_m_turboveg_2001' on page 3 undefined
 on input line 12.


Overfull \hbox (45.75845pt too wide) in paragraph at lines 12--13
\T1/ppl/m/n/10.95 In-situ veg-e-ta-tion data for this study were ac-quired from
 the AVA ([]).
 []


LaTeX Warning: Citation 'noauthor_aviris-next_nodate' on page 3 undefined on in
put line 14.


LaTeX Warning: Citation 'miller_above_2024' on page 3 undefined on input line 1
4.


LaTeX Warning: Citation 'noauthor_arctic-boreal_nodate' on page 3 undefined on 
input line 14.


LaTeX Warning: Citation 'miller_above_2024' on page 3 undefined on input line 1
4.

1: section
[3




]
<Figures/WorkflowDiagram.png, id=437, 2652.91125pt x 2412.01125pt>
File: Figures/WorkflowDiagram.png Graphic file (type png)
<use Figures/WorkflowDiagram.png>
Package pdftex.def Info: Figures/WorkflowDiagram.png  used on input line 21.
(pdftex.def)             Requested size: 363.6237pt x 330.57605pt.
<Figures/TestSiteOverview.png, id=440, 790.8747pt x 556.9608pt>
File: Figures/TestSiteOverview.png Graphic file (type png)
<use Figures/TestSiteOverview.png>
Package pdftex.def Info: Figures/TestSiteOverview.png  used on input line 32.
(pdftex.def)             Requested size: 363.6237pt x 256.07759pt.
 [4 <./Figures/WorkflowDiagram.png>]

LaTeX Warning: Citation 'noauthor_how_nodate' on page 5 undefined on input line
 66.

LaTeX Font Info:    Trying to load font information for T1+fvm on input line 66
.
(/usr/local/texlive/2022/texmf-dist/tex/latex/bera/t1fvm.fd
File: t1fvm.fd 2004/09/07 scalable font definitions for T1/fvm.
) [5 <./Figures/TestSiteOverview.png>]
Overfull \hbox (8.33214pt too wide) in paragraph at lines 101--102
\T1/ppl/m/n/10.95 out-put to this ex-tent, \T1/fvm/m/n/10.95 -of ENVI \T1/ppl/m
/n/10.95 to spec-ify the out-put for-mat, \T1/fvm/m/n/10.95 -co INTERLEAVE=BIL
 []

[6]

LaTeX Warning: Citation 'noauthor_landsat_nodate' on page 7 undefined on input 
line 108.


LaTeX Warning: Citation 'wold_principal_1987' on page 7 undefined on input line
 111.


LaTeX Warning: Citation 'feret_mapping_2014' on page 7 undefined on input line 
111.


LaTeX Warning: Citation 'feret_biodivmapr_2020' on page 7 undefined on input li
ne 111.


LaTeX Warning: Citation 'li_dimensionality_2022' on page 7 undefined on input l
ine 111.


LaTeX Warning: Citation 'ruiz_hidalgo_dimensionality_2021' on page 7 undefined 
on input line 111.


Overfull \hbox (20.77264pt too wide) in paragraph at lines 111--112
\T1/ppl/m/n/10.95 noise re-duc-tion ([]; []; [];
 []


Overfull \hbox (3.81033pt too wide) in paragraph at lines 111--112
[]\T1/ppl/m/n/10.95 ). Dur-ing the anal-y-sis, the fol-low-ing bio-di-vMapR
 []


LaTeX Warning: Citation 'feret_mapping_2014' on page 7 undefined on input line 
117.


LaTeX Warning: Citation 'pijnenburg_mapping_2023' on page 7 undefined on input 
line 117.


LaTeX Warning: Citation 'zhang_assessment_2023' on page 7 undefined on input li
ne 117.


LaTeX Warning: Citation 'robertson_effects_2023' on page 7 undefined on input l
ine 117.


LaTeX Warning: Citation 'liccari_use_2022' on page 7 undefined on input line 11
7.


LaTeX Warning: Citation 'thorndike_who_1953' on page 7 undefined on input line 
117.


LaTeX Warning: Citation 'fritz_log-means_2020' on page 7 undefined on input lin
e 117.

[7]
Overfull \hbox (9.49393pt too wide) in paragraph at lines 120--121
\T1/fvm/m/n/10.95 nbclusters \T1/ppl/m/n/10.95 was set to the pre-vi-ously de-t
er-mined clus-ter count, and a \T1/fvm/m/n/10.95 window_size
 []

[8]

LaTeX Warning: Citation 'schober_correlation_2018' on page 9 undefined on input
 line 158.

[9]) [10]
\openout2 = `Chapters/3_0_Results.aux'.

 (./Chapters/3_0_Results.tex
Chapter 3.
<Figures/WCSS_correlation_plant_species.png, id=504, 578.16pt x 361.35pt>
File: Figures/WCSS_correlation_plant_species.png Graphic file (type png)
<use Figures/WCSS_correlation_plant_species.png>
Package pdftex.def Info: Figures/WCSS_correlation_plant_species.png  used on in
put line 16.
(pdftex.def)             Requested size: 363.6237pt x 227.26022pt.
<Figures/WCSS_correlation_plant_species_part_c_d.png, id=507, 578.16pt x 361.35
pt>
File: Figures/WCSS_correlation_plant_species_part_c_d.png Graphic file (type pn
g)
<use Figures/WCSS_correlation_plant_species_part_c_d.png>
Package pdftex.def Info: Figures/WCSS_correlation_plant_species_part_c_d.png  u
sed on input line 43.
(pdftex.def)             Requested size: 363.6237pt x 227.26022pt.
1: section
[11




 <./Figures/WCSS_correlation_plant_species.png>]
<Figures/WCSS_correlation_plant_species_part_e.png, id=517, 578.16pt x 361.35pt
>
File: Figures/WCSS_correlation_plant_species_part_e.png Graphic file (type png)

<use Figures/WCSS_correlation_plant_species_part_e.png>
Package pdftex.def Info: Figures/WCSS_correlation_plant_species_part_e.png  use
d on input line 70.
(pdftex.def)             Requested size: 363.6237pt x 227.26022pt.
 [12 <./Figures/WCSS_correlation_plant_species_part_c_d.png>]
<Figures/WCSS_correlation_plant_communities.png, id=528, 578.16pt x 361.35pt>
File: Figures/WCSS_correlation_plant_communities.png Graphic file (type png)
<use Figures/WCSS_correlation_plant_communities.png>
Package pdftex.def Info: Figures/WCSS_correlation_plant_communities.png  used o
n input line 100.
(pdftex.def)             Requested size: 363.6237pt x 227.26022pt.
 [13 <./Figures/WCSS_correlation_plant_species_part_e.png>]
<Figures/WCSS_correlation_plant_communities_part_c_d.png, id=539, 578.16pt x 36
1.35pt>
File: Figures/WCSS_correlation_plant_communities_part_c_d.png Graphic file (typ
e png)
<use Figures/WCSS_correlation_plant_communities_part_c_d.png>
Package pdftex.def Info: Figures/WCSS_correlation_plant_communities_part_c_d.pn
g  used on input line 127.
(pdftex.def)             Requested size: 363.6237pt x 227.26022pt.
 [14 <./Figures/WCSS_correlation_plant_communities.png>]
<Figures/WCSS_correlation_plant_communities_part_e.png, id=549, 578.16pt x 361.
35pt>
File: Figures/WCSS_correlation_plant_communities_part_e.png Graphic file (type 
png)
<use Figures/WCSS_correlation_plant_communities_part_e.png>
Package pdftex.def Info: Figures/WCSS_correlation_plant_communities_part_e.png 
 used on input line 155.
(pdftex.def)             Requested size: 363.6237pt x 227.26022pt.
 [15 <./Figures/WCSS_correlation_plant_communities_part_c_d.png>]
<Figures/WCSS_correlation_habitat_types.png, id=558, 578.16pt x 361.35pt>
File: Figures/WCSS_correlation_habitat_types.png Graphic file (type png)
<use Figures/WCSS_correlation_habitat_types.png>
Package pdftex.def Info: Figures/WCSS_correlation_habitat_types.png  used on in
put line 184.
(pdftex.def)             Requested size: 363.6237pt x 227.26022pt.
 [16 <./Figures/WCSS_correlation_plant_communities_part_e.png>]
<Figures/WCSS_correlation_habitat_types_part_c_d.png, id=567, 578.16pt x 361.35
pt>
File: Figures/WCSS_correlation_habitat_types_part_c_d.png Graphic file (type pn
g)
<use Figures/WCSS_correlation_habitat_types_part_c_d.png>
Package pdftex.def Info: Figures/WCSS_correlation_habitat_types_part_c_d.png  u
sed on input line 212.
(pdftex.def)             Requested size: 363.6237pt x 227.26022pt.
 [17 <./Figures/WCSS_correlation_habitat_types.png>]
<Figures/WCSS_correlation_habitat_types_part_e.png, id=576, 578.16pt x 361.35pt
>
File: Figures/WCSS_correlation_habitat_types_part_e.png Graphic file (type png)

<use Figures/WCSS_correlation_habitat_types_part_e.png>
Package pdftex.def Info: Figures/WCSS_correlation_habitat_types_part_e.png  use
d on input line 240.
(pdftex.def)             Requested size: 363.6237pt x 227.26022pt.
 [18 <./Figures/WCSS_correlation_habitat_types_part_c_d.png>]
(./Chapters/3_Results_Spectral_Curves.tex
<Figures/spectral_signatures/AN_TJ_1_signature_plot_habitat.png, id=584, 722.7p
t x 361.35pt>
File: Figures/spectral_signatures/AN_TJ_1_signature_plot_habitat.png Graphic fi
le (type png)
<use Figures/spectral_signatures/AN_TJ_1_signature_plot_habitat.png>
Package pdftex.def Info: Figures/spectral_signatures/AN_TJ_1_signature_plot_hab
itat.png  used on input line 10.
(pdftex.def)             Requested size: 197.97646pt x 98.98834pt.
<Figures/spectral_signatures/AN_TJ_1_mean_signature_plot_habitat.png, id=585, 7
22.7pt x 361.35pt>
File: Figures/spectral_signatures/AN_TJ_1_mean_signature_plot_habitat.png Graph
ic file (type png)
<use Figures/spectral_signatures/AN_TJ_1_mean_signature_plot_habitat.png>
Package pdftex.def Info: Figures/spectral_signatures/AN_TJ_1_mean_signature_plo
t_habitat.png  used on input line 16.
(pdftex.def)             Requested size: 197.97646pt x 98.98834pt.
<Figures/spectral_signatures/AN_TJ_1_signature_plot_plant_community.png, id=590
, 722.7pt x 361.35pt>
File: Figures/spectral_signatures/AN_TJ_1_signature_plot_plant_community.png Gr
aphic file (type png)
<use Figures/spectral_signatures/AN_TJ_1_signature_plot_plant_community.png>
Package pdftex.def Info: Figures/spectral_signatures/AN_TJ_1_signature_plot_pla
nt_community.png  used on input line 29.
(pdftex.def)             Requested size: 197.97646pt x 98.98834pt.
<Figures/spectral_signatures/AN_TJ_1_mean_signature_plot_plant_community.png, i
d=591, 722.7pt x 361.35pt>
File: Figures/spectral_signatures/AN_TJ_1_mean_signature_plot_plant_community.p
ng Graphic file (type png)
<use Figures/spectral_signatures/AN_TJ_1_mean_signature_plot_plant_community.pn
g>
Package pdftex.def Info: Figures/spectral_signatures/AN_TJ_1_mean_signature_plo
t_plant_community.png  used on input line 35.
(pdftex.def)             Requested size: 197.97646pt x 98.98834pt.
 [19 <./Figures/WCSS_correlation_habitat_types_part_e.png> <./Figures/spectral_
signatures/AN_TJ_1_signature_plot_habitat.png> <./Figures/spectral_signatures/A
N_TJ_1_mean_signature_plot_habitat.png>]
<Figures/spectral_signatures/AN_TJ_2_signature_plot_habitat.png, id=606, 722.7p
t x 361.35pt>
File: Figures/spectral_signatures/AN_TJ_2_signature_plot_habitat.png Graphic fi
le (type png)
<use Figures/spectral_signatures/AN_TJ_2_signature_plot_habitat.png>
Package pdftex.def Info: Figures/spectral_signatures/AN_TJ_2_signature_plot_hab
itat.png  used on input line 50.
(pdftex.def)             Requested size: 197.97646pt x 98.98834pt.
<Figures/spectral_signatures/AN_TJ_2_mean_signature_plot_habitat.png, id=607, 7
22.7pt x 361.35pt>
File: Figures/spectral_signatures/AN_TJ_2_mean_signature_plot_habitat.png Graph
ic file (type png)
<use Figures/spectral_signatures/AN_TJ_2_mean_signature_plot_habitat.png>
Package pdftex.def Info: Figures/spectral_signatures/AN_TJ_2_mean_signature_plo
t_habitat.png  used on input line 56.
(pdftex.def)             Requested size: 197.97646pt x 98.98834pt.
<Figures/spectral_signatures/AN_TJ_2_signature_plot_plant_community.png, id=612
, 722.7pt x 361.35pt>
File: Figures/spectral_signatures/AN_TJ_2_signature_plot_plant_community.png Gr
aphic file (type png)
<use Figures/spectral_signatures/AN_TJ_2_signature_plot_plant_community.png>
Package pdftex.def Info: Figures/spectral_signatures/AN_TJ_2_signature_plot_pla
nt_community.png  used on input line 69.
(pdftex.def)             Requested size: 197.97646pt x 98.98834pt.
<Figures/spectral_signatures/AN_TJ_2_mean_signature_plot_plant_community.png, i
d=613, 722.7pt x 361.35pt>
File: Figures/spectral_signatures/AN_TJ_2_mean_signature_plot_plant_community.p
ng Graphic file (type png)
<use Figures/spectral_signatures/AN_TJ_2_mean_signature_plot_plant_community.pn
g>
Package pdftex.def Info: Figures/spectral_signatures/AN_TJ_2_mean_signature_plo
t_plant_community.png  used on input line 75.
(pdftex.def)             Requested size: 197.97646pt x 98.98834pt.
<Figures/spectral_signatures/ATQ_VK_1_signature_plot_habitat.png, id=618, 722.7
pt x 361.35pt>
File: Figures/spectral_signatures/ATQ_VK_1_signature_plot_habitat.png Graphic f
ile (type png)
<use Figures/spectral_signatures/ATQ_VK_1_signature_plot_habitat.png>
Package pdftex.def Info: Figures/spectral_signatures/ATQ_VK_1_signature_plot_ha
bitat.png  used on input line 90.
(pdftex.def)             Requested size: 197.97646pt x 98.98834pt.
<Figures/spectral_signatures/ATQ_VK_1_mean_signature_plot_habitat.png, id=619, 
722.7pt x 361.35pt>
File: Figures/spectral_signatures/ATQ_VK_1_mean_signature_plot_habitat.png Grap
hic file (type png)
<use Figures/spectral_signatures/ATQ_VK_1_mean_signature_plot_habitat.png>
Package pdftex.def Info: Figures/spectral_signatures/ATQ_VK_1_mean_signature_pl
ot_habitat.png  used on input line 96.
(pdftex.def)             Requested size: 197.97646pt x 98.98834pt.
 [20 <./Figures/spectral_signatures/AN_TJ_1_signature_plot_plant_community.png>
 <./Figures/spectral_signatures/AN_TJ_1_mean_signature_plot_plant_community.png
> <./Figures/spectral_signatures/AN_TJ_2_signature_plot_habitat.png> <./Figures
/spectral_signatures/AN_TJ_2_mean_signature_plot_habitat.png> <./Figures/spectr
al_signatures/AN_TJ_2_signature_plot_plant_community.png> <./Figures/spectral_s
ignatures/AN_TJ_2_mean_signature_plot_plant_community.png>]
<Figures/spectral_signatures/ATQ_VK_1_signature_plot_plant_community.png, id=63
8, 722.7pt x 361.35pt>
File: Figures/spectral_signatures/ATQ_VK_1_signature_plot_plant_community.png G
raphic file (type png)
<use Figures/spectral_signatures/ATQ_VK_1_signature_plot_plant_community.png>
Package pdftex.def Info: Figures/spectral_signatures/ATQ_VK_1_signature_plot_pl
ant_community.png  used on input line 109.
(pdftex.def)             Requested size: 197.97646pt x 98.98834pt.
<Figures/spectral_signatures/ATQ_VK_1_mean_signature_plot_plant_community.png, 
id=639, 722.7pt x 361.35pt>
File: Figures/spectral_signatures/ATQ_VK_1_mean_signature_plot_plant_community.
png Graphic file (type png)
<use Figures/spectral_signatures/ATQ_VK_1_mean_signature_plot_plant_community.p
ng>
Package pdftex.def Info: Figures/spectral_signatures/ATQ_VK_1_mean_signature_pl
ot_plant_community.png  used on input line 115.
(pdftex.def)             Requested size: 197.97646pt x 98.98834pt.
<Figures/spectral_signatures/BRW_PW_1_signature_plot_habitat.png, id=644, 722.7
pt x 361.35pt>
File: Figures/spectral_signatures/BRW_PW_1_signature_plot_habitat.png Graphic f
ile (type png)
<use Figures/spectral_signatures/BRW_PW_1_signature_plot_habitat.png>
Package pdftex.def Info: Figures/spectral_signatures/BRW_PW_1_signature_plot_ha
bitat.png  used on input line 130.
(pdftex.def)             Requested size: 197.97646pt x 98.98834pt.
<Figures/spectral_signatures/BRW_PW_1_mean_signature_plot_habitat.png, id=645, 
722.7pt x 361.35pt>
File: Figures/spectral_signatures/BRW_PW_1_mean_signature_plot_habitat.png Grap
hic file (type png)
<use Figures/spectral_signatures/BRW_PW_1_mean_signature_plot_habitat.png>
Package pdftex.def Info: Figures/spectral_signatures/BRW_PW_1_mean_signature_pl
ot_habitat.png  used on input line 136.
(pdftex.def)             Requested size: 197.97646pt x 98.98834pt.
<Figures/spectral_signatures/BRW_PW_1_signature_plot_plant_community.png, id=65
0, 722.7pt x 361.35pt>
File: Figures/spectral_signatures/BRW_PW_1_signature_plot_plant_community.png G
raphic file (type png)
<use Figures/spectral_signatures/BRW_PW_1_signature_plot_plant_community.png>
Package pdftex.def Info: Figures/spectral_signatures/BRW_PW_1_signature_plot_pl
ant_community.png  used on input line 149.
(pdftex.def)             Requested size: 197.97646pt x 98.98834pt.
<Figures/spectral_signatures/BRW_PW_1_mean_signature_plot_plant_community.png, 
id=651, 722.7pt x 361.35pt>
File: Figures/spectral_signatures/BRW_PW_1_mean_signature_plot_plant_community.
png Graphic file (type png)
<use Figures/spectral_signatures/BRW_PW_1_mean_signature_plot_plant_community.p
ng>
Package pdftex.def Info: Figures/spectral_signatures/BRW_PW_1_mean_signature_pl
ot_plant_community.png  used on input line 155.
(pdftex.def)             Requested size: 197.97646pt x 98.98834pt.
 [21 <./Figures/spectral_signatures/ATQ_VK_1_signature_plot_habitat.png> <./Fig
ures/spectral_signatures/ATQ_VK_1_mean_signature_plot_habitat.png> <./Figures/s
pectral_signatures/ATQ_VK_1_signature_plot_plant_community.png> <./Figures/spec
tral_signatures/ATQ_VK_1_mean_signature_plot_plant_community.png> <./Figures/sp
ectral_signatures/BRW_PW_1_signature_plot_habitat.png> <./Figures/spectral_sign
atures/BRW_PW_1_mean_signature_plot_habitat.png>]
<Figures/spectral_signatures/BRW_VS_1_signature_plot_habitat.png, id=669, 722.7
pt x 361.35pt>
File: Figures/spectral_signatures/BRW_VS_1_signature_plot_habitat.png Graphic f
ile (type png)
<use Figures/spectral_signatures/BRW_VS_1_signature_plot_habitat.png>
Package pdftex.def Info: Figures/spectral_signatures/BRW_VS_1_signature_plot_ha
bitat.png  used on input line 170.
(pdftex.def)             Requested size: 197.97646pt x 98.98834pt.
<Figures/spectral_signatures/BRW_VS_1_mean_signature_plot_habitat.png, id=670, 
722.7pt x 361.35pt>
File: Figures/spectral_signatures/BRW_VS_1_mean_signature_plot_habitat.png Grap
hic file (type png)
<use Figures/spectral_signatures/BRW_VS_1_mean_signature_plot_habitat.png>
Package pdftex.def Info: Figures/spectral_signatures/BRW_VS_1_mean_signature_pl
ot_habitat.png  used on input line 176.
(pdftex.def)             Requested size: 197.97646pt x 98.98834pt.
<Figures/spectral_signatures/BRW_VS_1_signature_plot_plant_community.png, id=67
5, 722.7pt x 361.35pt>
File: Figures/spectral_signatures/BRW_VS_1_signature_plot_plant_community.png G
raphic file (type png)
<use Figures/spectral_signatures/BRW_VS_1_signature_plot_plant_community.png>
Package pdftex.def Info: Figures/spectral_signatures/BRW_VS_1_signature_plot_pl
ant_community.png  used on input line 189.
(pdftex.def)             Requested size: 197.97646pt x 98.98834pt.
<Figures/spectral_signatures/BRW_VS_1_mean_signature_plot_plant_community.png, 
id=676, 722.7pt x 361.35pt>
File: Figures/spectral_signatures/BRW_VS_1_mean_signature_plot_plant_community.
png Graphic file (type png)
<use Figures/spectral_signatures/BRW_VS_1_mean_signature_plot_plant_community.p
ng>
Package pdftex.def Info: Figures/spectral_signatures/BRW_VS_1_mean_signature_pl
ot_plant_community.png  used on input line 195.
(pdftex.def)             Requested size: 197.97646pt x 98.98834pt.
<Figures/spectral_signatures/FLXTWRZONA_SD_1_signature_plot_habitat.png, id=681
, 722.7pt x 361.35pt>
File: Figures/spectral_signatures/FLXTWRZONA_SD_1_signature_plot_habitat.png Gr
aphic file (type png)
<use Figures/spectral_signatures/FLXTWRZONA_SD_1_signature_plot_habitat.png>
Package pdftex.def Info: Figures/spectral_signatures/FLXTWRZONA_SD_1_signature_
plot_habitat.png  used on input line 210.
(pdftex.def)             Requested size: 197.97646pt x 98.98834pt.
<Figures/spectral_signatures/FLXTWRZONA_SD_1_mean_signature_plot_habitat.png, i
d=682, 722.7pt x 361.35pt>
File: Figures/spectral_signatures/FLXTWRZONA_SD_1_mean_signature_plot_habitat.p
ng Graphic file (type png)
<use Figures/spectral_signatures/FLXTWRZONA_SD_1_mean_signature_plot_habitat.pn
g>
Package pdftex.def Info: Figures/spectral_signatures/FLXTWRZONA_SD_1_mean_signa
ture_plot_habitat.png  used on input line 216.
(pdftex.def)             Requested size: 197.97646pt x 98.98834pt.
 [22 <./Figures/spectral_signatures/BRW_PW_1_signature_plot_plant_community.png
> <./Figures/spectral_signatures/BRW_PW_1_mean_signature_plot_plant_community.p
ng> <./Figures/spectral_signatures/BRW_VS_1_signature_plot_habitat.png> <./Figu
res/spectral_signatures/BRW_VS_1_mean_signature_plot_habitat.png> <./Figures/sp
ectral_signatures/BRW_VS_1_signature_plot_plant_community.png> <./Figures/spect
ral_signatures/BRW_VS_1_mean_signature_plot_plant_community.png>]
<Figures/spectral_signatures/FLXTWRZONA_SD_1_signature_plot_plant_community.png
, id=700, 722.7pt x 361.35pt>
File: Figures/spectral_signatures/FLXTWRZONA_SD_1_signature_plot_plant_communit
y.png Graphic file (type png)
<use Figures/spectral_signatures/FLXTWRZONA_SD_1_signature_plot_plant_community
.png>
Package pdftex.def Info: Figures/spectral_signatures/FLXTWRZONA_SD_1_signature_
plot_plant_community.png  used on input line 229.
(pdftex.def)             Requested size: 197.97646pt x 98.98834pt.
<Figures/spectral_signatures/FLXTWRZONA_SD_1_mean_signature_plot_plant_communit
y.png, id=701, 722.7pt x 361.35pt>
File: Figures/spectral_signatures/FLXTWRZONA_SD_1_mean_signature_plot_plant_com
munity.png Graphic file (type png)
<use Figures/spectral_signatures/FLXTWRZONA_SD_1_mean_signature_plot_plant_comm
unity.png>
Package pdftex.def Info: Figures/spectral_signatures/FLXTWRZONA_SD_1_mean_signa
ture_plot_plant_community.png  used on input line 235.
(pdftex.def)             Requested size: 197.97646pt x 98.98834pt.
<Figures/spectral_signatures/FLXTWRZONA_SD_2_signature_plot_habitat.png, id=706
, 722.7pt x 361.35pt>
File: Figures/spectral_signatures/FLXTWRZONA_SD_2_signature_plot_habitat.png Gr
aphic file (type png)
<use Figures/spectral_signatures/FLXTWRZONA_SD_2_signature_plot_habitat.png>
Package pdftex.def Info: Figures/spectral_signatures/FLXTWRZONA_SD_2_signature_
plot_habitat.png  used on input line 250.
(pdftex.def)             Requested size: 197.97646pt x 98.98834pt.
<Figures/spectral_signatures/FLXTWRZONA_SD_2_mean_signature_plot_habitat.png, i
d=707, 722.7pt x 361.35pt>
File: Figures/spectral_signatures/FLXTWRZONA_SD_2_mean_signature_plot_habitat.p
ng Graphic file (type png)
<use Figures/spectral_signatures/FLXTWRZONA_SD_2_mean_signature_plot_habitat.pn
g>
Package pdftex.def Info: Figures/spectral_signatures/FLXTWRZONA_SD_2_mean_signa
ture_plot_habitat.png  used on input line 256.
(pdftex.def)             Requested size: 197.97646pt x 98.98834pt.
<Figures/spectral_signatures/FLXTWRZONA_SD_2_signature_plot_plant_community.png
, id=712, 722.7pt x 361.35pt>
File: Figures/spectral_signatures/FLXTWRZONA_SD_2_signature_plot_plant_communit
y.png Graphic file (type png)
<use Figures/spectral_signatures/FLXTWRZONA_SD_2_signature_plot_plant_community
.png>
Package pdftex.def Info: Figures/spectral_signatures/FLXTWRZONA_SD_2_signature_
plot_plant_community.png  used on input line 269.
(pdftex.def)             Requested size: 197.97646pt x 98.98834pt.
<Figures/spectral_signatures/FLXTWRZONA_SD_2_mean_signature_plot_plant_communit
y.png, id=713, 722.7pt x 361.35pt>
File: Figures/spectral_signatures/FLXTWRZONA_SD_2_mean_signature_plot_plant_com
munity.png Graphic file (type png)
<use Figures/spectral_signatures/FLXTWRZONA_SD_2_mean_signature_plot_plant_comm
unity.png>
Package pdftex.def Info: Figures/spectral_signatures/FLXTWRZONA_SD_2_mean_signa
ture_plot_plant_community.png  used on input line 275.
(pdftex.def)             Requested size: 197.97646pt x 98.98834pt.
 [23 <./Figures/spectral_signatures/FLXTWRZONA_SD_1_signature_plot_habitat.png>
 <./Figures/spectral_signatures/FLXTWRZONA_SD_1_mean_signature_plot_habitat.png
> <./Figures/spectral_signatures/FLXTWRZONA_SD_1_signature_plot_plant_community
.png> <./Figures/spectral_signatures/FLXTWRZONA_SD_1_mean_signature_plot_plant_
community.png> <./Figures/spectral_signatures/FLXTWRZONA_SD_2_signature_plot_ha
bitat.png> <./Figures/spectral_signatures/FLXTWRZONA_SD_2_mean_signature_plot_h
abitat.png>]
<Figures/spectral_signatures/FLXTWRZONA_SD_3_signature_plot_habitat.png, id=731
, 722.7pt x 361.35pt>
File: Figures/spectral_signatures/FLXTWRZONA_SD_3_signature_plot_habitat.png Gr
aphic file (type png)
<use Figures/spectral_signatures/FLXTWRZONA_SD_3_signature_plot_habitat.png>
Package pdftex.def Info: Figures/spectral_signatures/FLXTWRZONA_SD_3_signature_
plot_habitat.png  used on input line 290.
(pdftex.def)             Requested size: 197.97646pt x 98.98834pt.
<Figures/spectral_signatures/FLXTWRZONA_SD_3_mean_signature_plot_habitat.png, i
d=732, 722.7pt x 361.35pt>
File: Figures/spectral_signatures/FLXTWRZONA_SD_3_mean_signature_plot_habitat.p
ng Graphic file (type png)
<use Figures/spectral_signatures/FLXTWRZONA_SD_3_mean_signature_plot_habitat.pn
g>
Package pdftex.def Info: Figures/spectral_signatures/FLXTWRZONA_SD_3_mean_signa
ture_plot_habitat.png  used on input line 296.
(pdftex.def)             Requested size: 197.97646pt x 98.98834pt.
<Figures/spectral_signatures/FLXTWRZONA_SD_3_signature_plot_plant_community.png
, id=737, 722.7pt x 361.35pt>
File: Figures/spectral_signatures/FLXTWRZONA_SD_3_signature_plot_plant_communit
y.png Graphic file (type png)
<use Figures/spectral_signatures/FLXTWRZONA_SD_3_signature_plot_plant_community
.png>
Package pdftex.def Info: Figures/spectral_signatures/FLXTWRZONA_SD_3_signature_
plot_plant_community.png  used on input line 309.
(pdftex.def)             Requested size: 197.97646pt x 98.98834pt.
<Figures/spectral_signatures/FLXTWRZONA_SD_3_mean_signature_plot_plant_communit
y.png, id=738, 722.7pt x 361.35pt>
File: Figures/spectral_signatures/FLXTWRZONA_SD_3_mean_signature_plot_plant_com
munity.png Graphic file (type png)
<use Figures/spectral_signatures/FLXTWRZONA_SD_3_mean_signature_plot_plant_comm
unity.png>
Package pdftex.def Info: Figures/spectral_signatures/FLXTWRZONA_SD_3_mean_signa
ture_plot_plant_community.png  used on input line 315.
(pdftex.def)             Requested size: 197.97646pt x 98.98834pt.
<Figures/spectral_signatures/FLXTWRZONA_SD_4_signature_plot_habitat.png, id=743
, 722.7pt x 361.35pt>
File: Figures/spectral_signatures/FLXTWRZONA_SD_4_signature_plot_habitat.png Gr
aphic file (type png)
<use Figures/spectral_signatures/FLXTWRZONA_SD_4_signature_plot_habitat.png>
Package pdftex.def Info: Figures/spectral_signatures/FLXTWRZONA_SD_4_signature_
plot_habitat.png  used on input line 330.
(pdftex.def)             Requested size: 197.97646pt x 98.98834pt.
<Figures/spectral_signatures/FLXTWRZONA_SD_4_mean_signature_plot_habitat.png, i
d=744, 722.7pt x 361.35pt>
File: Figures/spectral_signatures/FLXTWRZONA_SD_4_mean_signature_plot_habitat.p
ng Graphic file (type png)
<use Figures/spectral_signatures/FLXTWRZONA_SD_4_mean_signature_plot_habitat.pn
g>
Package pdftex.def Info: Figures/spectral_signatures/FLXTWRZONA_SD_4_mean_signa
ture_plot_habitat.png  used on input line 336.
(pdftex.def)             Requested size: 197.97646pt x 98.98834pt.
 [24 <./Figures/spectral_signatures/FLXTWRZONA_SD_2_signature_plot_plant_commun
ity.png> <./Figures/spectral_signatures/FLXTWRZONA_SD_2_mean_signature_plot_pla
nt_community.png> <./Figures/spectral_signatures/FLXTWRZONA_SD_3_signature_plot
_habitat.png> <./Figures/spectral_signatures/FLXTWRZONA_SD_3_mean_signature_plo
t_habitat.png> <./Figures/spectral_signatures/FLXTWRZONA_SD_3_signature_plot_pl
ant_community.png> <./Figures/spectral_signatures/FLXTWRZONA_SD_3_mean_signatur
e_plot_plant_community.png>]
<Figures/spectral_signatures/FLXTWRZONA_SD_4_signature_plot_plant_community.png
, id=762, 722.7pt x 361.35pt>
File: Figures/spectral_signatures/FLXTWRZONA_SD_4_signature_plot_plant_communit
y.png Graphic file (type png)
<use Figures/spectral_signatures/FLXTWRZONA_SD_4_signature_plot_plant_community
.png>
Package pdftex.def Info: Figures/spectral_signatures/FLXTWRZONA_SD_4_signature_
plot_plant_community.png  used on input line 349.
(pdftex.def)             Requested size: 197.97646pt x 98.98834pt.
<Figures/spectral_signatures/FLXTWRZONA_SD_4_mean_signature_plot_plant_communit
y.png, id=763, 722.7pt x 361.35pt>
File: Figures/spectral_signatures/FLXTWRZONA_SD_4_mean_signature_plot_plant_com
munity.png Graphic file (type png)
<use Figures/spectral_signatures/FLXTWRZONA_SD_4_mean_signature_plot_plant_comm
unity.png>
Package pdftex.def Info: Figures/spectral_signatures/FLXTWRZONA_SD_4_mean_signa
ture_plot_plant_community.png  used on input line 355.
(pdftex.def)             Requested size: 197.97646pt x 98.98834pt.
<Figures/spectral_signatures/FRST_AK_2_signature_plot_habitat.png, id=768, 722.
7pt x 361.35pt>
File: Figures/spectral_signatures/FRST_AK_2_signature_plot_habitat.png Graphic 
file (type png)
<use Figures/spectral_signatures/FRST_AK_2_signature_plot_habitat.png>
Package pdftex.def Info: Figures/spectral_signatures/FRST_AK_2_signature_plot_h
abitat.png  used on input line 370.
(pdftex.def)             Requested size: 197.97646pt x 98.98834pt.
<Figures/spectral_signatures/FRST_AK_2_mean_signature_plot_habitat.png, id=769,
 722.7pt x 361.35pt>
File: Figures/spectral_signatures/FRST_AK_2_mean_signature_plot_habitat.png Gra
phic file (type png)
<use Figures/spectral_signatures/FRST_AK_2_mean_signature_plot_habitat.png>
Package pdftex.def Info: Figures/spectral_signatures/FRST_AK_2_mean_signature_p
lot_habitat.png  used on input line 376.
(pdftex.def)             Requested size: 197.97646pt x 98.98834pt.
<Figures/spectral_signatures/FRST_AK_2_signature_plot_plant_community.png, id=7
74, 722.7pt x 361.35pt>
File: Figures/spectral_signatures/FRST_AK_2_signature_plot_plant_community.png 
Graphic file (type png)
<use Figures/spectral_signatures/FRST_AK_2_signature_plot_plant_community.png>
Package pdftex.def Info: Figures/spectral_signatures/FRST_AK_2_signature_plot_p
lant_community.png  used on input line 389.
(pdftex.def)             Requested size: 197.97646pt x 98.98834pt.
<Figures/spectral_signatures/FRST_AK_2_mean_signature_plot_plant_community.png,
 id=775, 722.7pt x 361.35pt>
File: Figures/spectral_signatures/FRST_AK_2_mean_signature_plot_plant_community
.png Graphic file (type png)
<use Figures/spectral_signatures/FRST_AK_2_mean_signature_plot_plant_community.
png>
Package pdftex.def Info: Figures/spectral_signatures/FRST_AK_2_mean_signature_p
lot_plant_community.png  used on input line 395.
(pdftex.def)             Requested size: 197.97646pt x 98.98834pt.
 [25 <./Figures/spectral_signatures/FLXTWRZONA_SD_4_signature_plot_habitat.png>
 <./Figures/spectral_signatures/FLXTWRZONA_SD_4_mean_signature_plot_habitat.png
> <./Figures/spectral_signatures/FLXTWRZONA_SD_4_signature_plot_plant_community
.png> <./Figures/spectral_signatures/FLXTWRZONA_SD_4_mean_signature_plot_plant_
community.png> <./Figures/spectral_signatures/FRST_AK_2_signature_plot_habitat.
png> <./Figures/spectral_signatures/FRST_AK_2_mean_signature_plot_habitat.png>]
<Figures/spectral_signatures/FRST_AK_3_signature_plot_habitat.png, id=793, 722.
7pt x 361.35pt>
File: Figures/spectral_signatures/FRST_AK_3_signature_plot_habitat.png Graphic 
file (type png)
<use Figures/spectral_signatures/FRST_AK_3_signature_plot_habitat.png>
Package pdftex.def Info: Figures/spectral_signatures/FRST_AK_3_signature_plot_h
abitat.png  used on input line 410.
(pdftex.def)             Requested size: 197.97646pt x 98.98834pt.
<Figures/spectral_signatures/FRST_AK_3_mean_signature_plot_habitat.png, id=794,
 722.7pt x 361.35pt>
File: Figures/spectral_signatures/FRST_AK_3_mean_signature_plot_habitat.png Gra
phic file (type png)
<use Figures/spectral_signatures/FRST_AK_3_mean_signature_plot_habitat.png>
Package pdftex.def Info: Figures/spectral_signatures/FRST_AK_3_mean_signature_p
lot_habitat.png  used on input line 416.
(pdftex.def)             Requested size: 197.97646pt x 98.98834pt.
<Figures/spectral_signatures/FRST_AK_3_signature_plot_plant_community.png, id=7
99, 722.7pt x 361.35pt>
File: Figures/spectral_signatures/FRST_AK_3_signature_plot_plant_community.png 
Graphic file (type png)
<use Figures/spectral_signatures/FRST_AK_3_signature_plot_plant_community.png>
Package pdftex.def Info: Figures/spectral_signatures/FRST_AK_3_signature_plot_p
lant_community.png  used on input line 429.
(pdftex.def)             Requested size: 197.97646pt x 98.98834pt.
<Figures/spectral_signatures/FRST_AK_3_mean_signature_plot_plant_community.png,
 id=800, 722.7pt x 361.35pt>
File: Figures/spectral_signatures/FRST_AK_3_mean_signature_plot_plant_community
.png Graphic file (type png)
<use Figures/spectral_signatures/FRST_AK_3_mean_signature_plot_plant_community.
png>
Package pdftex.def Info: Figures/spectral_signatures/FRST_AK_3_mean_signature_p
lot_plant_community.png  used on input line 435.
(pdftex.def)             Requested size: 197.97646pt x 98.98834pt.
<Figures/spectral_signatures/PRUAIR_DW_1_signature_plot_habitat.png, id=805, 72
2.7pt x 361.35pt>
File: Figures/spectral_signatures/PRUAIR_DW_1_signature_plot_habitat.png Graphi
c file (type png)
<use Figures/spectral_signatures/PRUAIR_DW_1_signature_plot_habitat.png>
Package pdftex.def Info: Figures/spectral_signatures/PRUAIR_DW_1_signature_plot
_habitat.png  used on input line 450.
(pdftex.def)             Requested size: 197.97646pt x 98.98834pt.
<Figures/spectral_signatures/PRUAIR_DW_1_mean_signature_plot_habitat.png, id=80
6, 722.7pt x 361.35pt>
File: Figures/spectral_signatures/PRUAIR_DW_1_mean_signature_plot_habitat.png G
raphic file (type png)
<use Figures/spectral_signatures/PRUAIR_DW_1_mean_signature_plot_habitat.png>
Package pdftex.def Info: Figures/spectral_signatures/PRUAIR_DW_1_mean_signature
_plot_habitat.png  used on input line 456.
(pdftex.def)             Requested size: 197.97646pt x 98.98834pt.
 [26 <./Figures/spectral_signatures/FRST_AK_2_signature_plot_plant_community.pn
g> <./Figures/spectral_signatures/FRST_AK_2_mean_signature_plot_plant_community
.png> <./Figures/spectral_signatures/FRST_AK_3_signature_plot_habitat.png> <./F
igures/spectral_signatures/FRST_AK_3_mean_signature_plot_habitat.png> <./Figure
s/spectral_signatures/FRST_AK_3_signature_plot_plant_community.png> <./Figures/
spectral_signatures/FRST_AK_3_mean_signature_plot_plant_community.png>]
<Figures/spectral_signatures/PRUAIR_DW_1_signature_plot_plant_community.png, id
=825, 722.7pt x 361.35pt>
File: Figures/spectral_signatures/PRUAIR_DW_1_signature_plot_plant_community.pn
g Graphic file (type png)
<use Figures/spectral_signatures/PRUAIR_DW_1_signature_plot_plant_community.png
>
Package pdftex.def Info: Figures/spectral_signatures/PRUAIR_DW_1_signature_plot
_plant_community.png  used on input line 469.
(pdftex.def)             Requested size: 197.97646pt x 98.98834pt.
<Figures/spectral_signatures/PRUAIR_DW_1_mean_signature_plot_plant_community.pn
g, id=826, 722.7pt x 361.35pt>
File: Figures/spectral_signatures/PRUAIR_DW_1_mean_signature_plot_plant_communi
ty.png Graphic file (type png)
<use Figures/spectral_signatures/PRUAIR_DW_1_mean_signature_plot_plant_communit
y.png>
Package pdftex.def Info: Figures/spectral_signatures/PRUAIR_DW_1_mean_signature
_plot_plant_community.png  used on input line 475.
(pdftex.def)             Requested size: 197.97646pt x 98.98834pt.
<Figures/spectral_signatures/PRUARC_DW_1_signature_plot_habitat.png, id=831, 72
2.7pt x 361.35pt>
File: Figures/spectral_signatures/PRUARC_DW_1_signature_plot_habitat.png Graphi
c file (type png)
<use Figures/spectral_signatures/PRUARC_DW_1_signature_plot_habitat.png>
Package pdftex.def Info: Figures/spectral_signatures/PRUARC_DW_1_signature_plot
_habitat.png  used on input line 490.
(pdftex.def)             Requested size: 197.97646pt x 98.98834pt.
<Figures/spectral_signatures/PRUARC_DW_1_mean_signature_plot_habitat.png, id=83
2, 722.7pt x 361.35pt>
File: Figures/spectral_signatures/PRUARC_DW_1_mean_signature_plot_habitat.png G
raphic file (type png)
<use Figures/spectral_signatures/PRUARC_DW_1_mean_signature_plot_habitat.png>
Package pdftex.def Info: Figures/spectral_signatures/PRUARC_DW_1_mean_signature
_plot_habitat.png  used on input line 496.
(pdftex.def)             Requested size: 197.97646pt x 98.98834pt.
<Figures/spectral_signatures/PRUARC_DW_1_signature_plot_plant_community.png, id
=837, 722.7pt x 361.35pt>
File: Figures/spectral_signatures/PRUARC_DW_1_signature_plot_plant_community.pn
g Graphic file (type png)
<use Figures/spectral_signatures/PRUARC_DW_1_signature_plot_plant_community.png
>
Package pdftex.def Info: Figures/spectral_signatures/PRUARC_DW_1_signature_plot
_plant_community.png  used on input line 509.
(pdftex.def)             Requested size: 197.97646pt x 98.98834pt.
<Figures/spectral_signatures/PRUARC_DW_1_mean_signature_plot_plant_community.pn
g, id=838, 722.7pt x 361.35pt>
File: Figures/spectral_signatures/PRUARC_DW_1_mean_signature_plot_plant_communi
ty.png Graphic file (type png)
<use Figures/spectral_signatures/PRUARC_DW_1_mean_signature_plot_plant_communit
y.png>
Package pdftex.def Info: Figures/spectral_signatures/PRUARC_DW_1_mean_signature
_plot_plant_community.png  used on input line 515.
(pdftex.def)             Requested size: 197.97646pt x 98.98834pt.
 [27 <./Figures/spectral_signatures/PRUAIR_DW_1_signature_plot_habitat.png> <./
Figures/spectral_signatures/PRUAIR_DW_1_mean_signature_plot_habitat.png> <./Fig
ures/spectral_signatures/PRUAIR_DW_1_signature_plot_plant_community.png> <./Fig
ures/spectral_signatures/PRUAIR_DW_1_mean_signature_plot_plant_community.png> <
./Figures/spectral_signatures/PRUARC_DW_1_signature_plot_habitat.png> <./Figure
s/spectral_signatures/PRUARC_DW_1_mean_signature_plot_habitat.png>]
<Figures/spectral_signatures/All_testsites_signature_plot.png, id=857, 867.24pt
 x 650.43pt>
File: Figures/spectral_signatures/All_testsites_signature_plot.png Graphic file
 (type png)
<use Figures/spectral_signatures/All_testsites_signature_plot.png>
Package pdftex.def Info: Figures/spectral_signatures/All_testsites_signature_pl
ot.png  used on input line 533.
(pdftex.def)             Requested size: 363.6237pt x 272.7222pt.
)) [28 <./Figures/spectral_signatures/PRUARC_DW_1_signature_plot_plant_communit
y.png> <./Figures/spectral_signatures/PRUARC_DW_1_mean_signature_plot_plant_com
munity.png> <./Figures/spectral_signatures/All_testsites_signature_plot.png>]
\openout2 = `Appendices/Appendices.aux'.

 (./Appendices/Appendices.tex
(./Appendices/Appendix_LinearRegression.tex
Appendix A.
<Figures/Appendix/LRM_Plots/all_model_plant_species_lm.png, id=867, 747.79375pt
 x 554.07pt>
File: Figures/Appendix/LRM_Plots/all_model_plant_species_lm.png Graphic file (t
ype png)
<use Figures/Appendix/LRM_Plots/all_model_plant_species_lm.png>
Package pdftex.def Info: Figures/Appendix/LRM_Plots/all_model_plant_species_lm.
png  used on input line 30.
(pdftex.def)             Requested size: 363.6237pt x 269.42534pt.
1: section
[29




 <./Figures/Appendix/LRM_Plots/all_model_plant_species_lm.png>]
<Figures/Appendix/LRM_Plots/group_c_d_model_plant_species_lm.png, id=875, 747.7
9375pt x 554.07pt>
File: Figures/Appendix/LRM_Plots/group_c_d_model_plant_species_lm.png Graphic f
ile (type png)
<use Figures/Appendix/LRM_Plots/group_c_d_model_plant_species_lm.png>
Package pdftex.def Info: Figures/Appendix/LRM_Plots/group_c_d_model_plant_speci
es_lm.png  used on input line 56.
(pdftex.def)             Requested size: 363.6237pt x 269.42534pt.
<Figures/Appendix/LRM_Plots/group_e_model_plant_species_lm.png, id=876, 747.793
75pt x 554.07pt>
File: Figures/Appendix/LRM_Plots/group_e_model_plant_species_lm.png Graphic fil
e (type png)
<use Figures/Appendix/LRM_Plots/group_e_model_plant_species_lm.png>
Package pdftex.def Info: Figures/Appendix/LRM_Plots/group_e_model_plant_species
_lm.png  used on input line 82.
(pdftex.def)             Requested size: 363.6237pt x 269.42534pt.
 [30 <./Figures/Appendix/LRM_Plots/group_c_d_model_plant_species_lm.png>]
<Figures/Appendix/LRM_Plots/all_model_plant_communities_lm.png, id=883, 747.793
75pt x 554.07pt>
File: Figures/Appendix/LRM_Plots/all_model_plant_communities_lm.png Graphic fil
e (type png)
<use Figures/Appendix/LRM_Plots/all_model_plant_communities_lm.png>
Package pdftex.def Info: Figures/Appendix/LRM_Plots/all_model_plant_communities
_lm.png  used on input line 110.
(pdftex.def)             Requested size: 363.6237pt x 269.42534pt.
 [31 <./Figures/Appendix/LRM_Plots/group_e_model_plant_species_lm.png>]
<Figures/Appendix/LRM_Plots/group_c_d_model_plant_communities_lm.png, id=891, 7
47.79375pt x 554.07pt>
File: Figures/Appendix/LRM_Plots/group_c_d_model_plant_communities_lm.png Graph
ic file (type png)
<use Figures/Appendix/LRM_Plots/group_c_d_model_plant_communities_lm.png>
Package pdftex.def Info: Figures/Appendix/LRM_Plots/group_c_d_model_plant_commu
nities_lm.png  used on input line 136.
(pdftex.def)             Requested size: 363.6237pt x 269.42534pt.
 [32 <./Figures/Appendix/LRM_Plots/all_model_plant_communities_lm.png>]
<Figures/Appendix/LRM_Plots/group_e_model_plant_communities_lm.png, id=900, 747
.79375pt x 554.07pt>
File: Figures/Appendix/LRM_Plots/group_e_model_plant_communities_lm.png Graphic
 file (type png)
<use Figures/Appendix/LRM_Plots/group_e_model_plant_communities_lm.png>
Package pdftex.def Info: Figures/Appendix/LRM_Plots/group_e_model_plant_communi
ties_lm.png  used on input line 162.
(pdftex.def)             Requested size: 363.6237pt x 269.42534pt.
 [33 <./Figures/Appendix/LRM_Plots/group_c_d_model_plant_communities_lm.png>]
<Figures/Appendix/LRM_Plots/all_model_habitat_types_lm.png, id=908, 747.79375pt
 x 554.07pt>
File: Figures/Appendix/LRM_Plots/all_model_habitat_types_lm.png Graphic file (t
ype png)
<use Figures/Appendix/LRM_Plots/all_model_habitat_types_lm.png>
Package pdftex.def Info: Figures/Appendix/LRM_Plots/all_model_habitat_types_lm.
png  used on input line 188.
(pdftex.def)             Requested size: 363.6237pt x 269.42534pt.
 [34 <./Figures/Appendix/LRM_Plots/group_e_model_plant_communities_lm.png>]
<Figures/Appendix/LRM_Plots/group_c_d_model_habitat_types_lm.png, id=916, 747.7
9375pt x 554.07pt>
File: Figures/Appendix/LRM_Plots/group_c_d_model_habitat_types_lm.png Graphic f
ile (type png)
<use Figures/Appendix/LRM_Plots/group_c_d_model_habitat_types_lm.png>
Package pdftex.def Info: Figures/Appendix/LRM_Plots/group_c_d_model_habitat_typ
es_lm.png  used on input line 215.
(pdftex.def)             Requested size: 363.6237pt x 269.42534pt.
 [35 <./Figures/Appendix/LRM_Plots/all_model_habitat_types_lm.png>]
<Figures/Appendix/LRM_Plots/group_e_model_habitat_types_lm.png, id=924, 747.793
75pt x 554.07pt>
File: Figures/Appendix/LRM_Plots/group_e_model_habitat_types_lm.png Graphic fil
e (type png)
<use Figures/Appendix/LRM_Plots/group_e_model_habitat_types_lm.png>
Package pdftex.def Info: Figures/Appendix/LRM_Plots/group_e_model_habitat_types
_lm.png  used on input line 241.
(pdftex.def)             Requested size: 363.6237pt x 269.42534pt.
) (./Appendices/Appendix_PlantCommunityClustering.tex [36 <./Figures/Appendix/L
RM_Plots/group_c_d_model_habitat_types_lm.png>]
[37 <./Figures/Appendix/LRM_Plots/group_e_model_habitat_types_lm.png>]
Appendix B.
<Figures/Appendix/PlantCommunityClustering/AN_TJ_1_HDBSCAN_clusters.png, id=937
, 578.16pt x 433.62pt>
File: Figures/Appendix/PlantCommunityClustering/AN_TJ_1_HDBSCAN_clusters.png Gr
aphic file (type png)
<use Figures/Appendix/PlantCommunityClustering/AN_TJ_1_HDBSCAN_clusters.png>
Package pdftex.def Info: Figures/Appendix/PlantCommunityClustering/AN_TJ_1_HDBS
CAN_clusters.png  used on input line 10.
(pdftex.def)             Requested size: 363.6237pt x 272.71227pt.

Underfull \hbox (badness 1953) in paragraph at lines 11--11
 []\T1/ppl/m/sc/10 Figure B.1: |\T1/ppl/m/n/10 Com-mu-nity clus-ter HDB-SCAN pl
ot for test site 
 []

<Figures/Appendix/PlantCommunityClustering/AN_TJ_1_DENDRO.png, id=938, 578.16pt
 x 433.62pt>
File: Figures/Appendix/PlantCommunityClustering/AN_TJ_1_DENDRO.png Graphic file
 (type png)
<use Figures/Appendix/PlantCommunityClustering/AN_TJ_1_DENDRO.png>
Package pdftex.def Info: Figures/Appendix/PlantCommunityClustering/AN_TJ_1_DEND
RO.png  used on input line 17.
(pdftex.def)             Requested size: 363.6237pt x 272.71227pt.

Underfull \hbox (badness 1281) in paragraph at lines 18--18
 []\T1/ppl/m/sc/10 Figure B.2: |\T1/ppl/m/n/10 Com-mu-nity clus-ter den-dro-gra
m plot for test site 
 []

1: section
[38

 <./Figures/Appendix/PlantCommunityClustering/AN_TJ_1_HDBSCAN_clusters.png>] [3
9 <./Figures/Appendix/PlantCommunityClustering/AN_TJ_1_DENDRO.png>]
<Figures/Appendix/PlantCommunityClustering/AN_TJ_2_HDBSCAN_clusters.png, id=952
, 578.16pt x 433.62pt>
File: Figures/Appendix/PlantCommunityClustering/AN_TJ_2_HDBSCAN_clusters.png Gr
aphic file (type png)
<use Figures/Appendix/PlantCommunityClustering/AN_TJ_2_HDBSCAN_clusters.png>
Package pdftex.def Info: Figures/Appendix/PlantCommunityClustering/AN_TJ_2_HDBS
CAN_clusters.png  used on input line 27.
(pdftex.def)             Requested size: 363.6237pt x 272.71227pt.

Underfull \hbox (badness 1953) in paragraph at lines 28--28
 []\T1/ppl/m/sc/10 Figure B.3: |\T1/ppl/m/n/10 Com-mu-nity clus-ter HDB-SCAN pl
ot for test site 
 []

<Figures/Appendix/PlantCommunityClustering/AN_TJ_2_DENDRO.png, id=953, 578.16pt
 x 433.62pt>
File: Figures/Appendix/PlantCommunityClustering/AN_TJ_2_DENDRO.png Graphic file
 (type png)
<use Figures/Appendix/PlantCommunityClustering/AN_TJ_2_DENDRO.png>
Package pdftex.def Info: Figures/Appendix/PlantCommunityClustering/AN_TJ_2_DEND
RO.png  used on input line 34.
(pdftex.def)             Requested size: 363.6237pt x 272.71227pt.

Underfull \hbox (badness 1281) in paragraph at lines 35--35
 []\T1/ppl/m/sc/10 Figure B.4: |\T1/ppl/m/n/10 Com-mu-nity clus-ter den-dro-gra
m plot for test site 
 []

<Figures/Appendix/PlantCommunityClustering/ATQ_VK_1_HDBSCAN_clusters.png, id=95
4, 578.16pt x 433.62pt>
File: Figures/Appendix/PlantCommunityClustering/ATQ_VK_1_HDBSCAN_clusters.png G
raphic file (type png)
<use Figures/Appendix/PlantCommunityClustering/ATQ_VK_1_HDBSCAN_clusters.png>
Package pdftex.def Info: Figures/Appendix/PlantCommunityClustering/ATQ_VK_1_HDB
SCAN_clusters.png  used on input line 42.
(pdftex.def)             Requested size: 363.6237pt x 272.71227pt.

Underfull \hbox (badness 1953) in paragraph at lines 43--43
 []\T1/ppl/m/sc/10 Figure B.5: |\T1/ppl/m/n/10 Com-mu-nity clus-ter HDB-SCAN pl
ot for test site 
 []

[40 <./Figures/Appendix/PlantCommunityClustering/AN_TJ_2_HDBSCAN_clusters.png> 
<./Figures/Appendix/PlantCommunityClustering/AN_TJ_2_DENDRO.png>]
<Figures/Appendix/PlantCommunityClustering/ATQ_VK_1_DENDRO.png, id=963, 578.16p
t x 433.62pt>
File: Figures/Appendix/PlantCommunityClustering/ATQ_VK_1_DENDRO.png Graphic fil
e (type png)
<use Figures/Appendix/PlantCommunityClustering/ATQ_VK_1_DENDRO.png>
Package pdftex.def Info: Figures/Appendix/PlantCommunityClustering/ATQ_VK_1_DEN
DRO.png  used on input line 49.
(pdftex.def)             Requested size: 363.6237pt x 272.71227pt.

Underfull \hbox (badness 1281) in paragraph at lines 50--50
 []\T1/ppl/m/sc/10 Figure B.6: |\T1/ppl/m/n/10 Com-mu-nity clus-ter den-dro-gra
m plot for test site 
 []

<Figures/Appendix/PlantCommunityClustering/BRW_PW_1_HDBSCAN_clusters.png, id=96
4, 578.16pt x 433.62pt>
File: Figures/Appendix/PlantCommunityClustering/BRW_PW_1_HDBSCAN_clusters.png G
raphic file (type png)
<use Figures/Appendix/PlantCommunityClustering/BRW_PW_1_HDBSCAN_clusters.png>
Package pdftex.def Info: Figures/Appendix/PlantCommunityClustering/BRW_PW_1_HDB
SCAN_clusters.png  used on input line 57.
(pdftex.def)             Requested size: 363.6237pt x 272.71227pt.

Underfull \hbox (badness 1953) in paragraph at lines 58--58
 []\T1/ppl/m/sc/10 Figure B.7: |\T1/ppl/m/n/10 Com-mu-nity clus-ter HDB-SCAN pl
ot for test site 
 []

[41 <./Figures/Appendix/PlantCommunityClustering/ATQ_VK_1_HDBSCAN_clusters.png>
 <./Figures/Appendix/PlantCommunityClustering/ATQ_VK_1_DENDRO.png>]
<Figures/Appendix/PlantCommunityClustering/BRW_PW_1_DENDRO.png, id=974, 578.16p
t x 433.62pt>
File: Figures/Appendix/PlantCommunityClustering/BRW_PW_1_DENDRO.png Graphic fil
e (type png)
<use Figures/Appendix/PlantCommunityClustering/BRW_PW_1_DENDRO.png>
Package pdftex.def Info: Figures/Appendix/PlantCommunityClustering/BRW_PW_1_DEN
DRO.png  used on input line 64.
(pdftex.def)             Requested size: 363.6237pt x 272.71227pt.

Underfull \hbox (badness 1281) in paragraph at lines 65--65
 []\T1/ppl/m/sc/10 Figure B.8: |\T1/ppl/m/n/10 Com-mu-nity clus-ter den-dro-gra
m plot for test site 
 []

<Figures/Appendix/PlantCommunityClustering/BRW_VS_1_HDBSCAN_clusters.png, id=97
5, 578.16pt x 433.62pt>
File: Figures/Appendix/PlantCommunityClustering/BRW_VS_1_HDBSCAN_clusters.png G
raphic file (type png)
<use Figures/Appendix/PlantCommunityClustering/BRW_VS_1_HDBSCAN_clusters.png>
Package pdftex.def Info: Figures/Appendix/PlantCommunityClustering/BRW_VS_1_HDB
SCAN_clusters.png  used on input line 72.
(pdftex.def)             Requested size: 363.6237pt x 272.71227pt.

Underfull \hbox (badness 1953) in paragraph at lines 73--73
 []\T1/ppl/m/sc/10 Figure B.9: |\T1/ppl/m/n/10 Com-mu-nity clus-ter HDB-SCAN pl
ot for test site 
 []

[42 <./Figures/Appendix/PlantCommunityClustering/BRW_PW_1_HDBSCAN_clusters.png>
 <./Figures/Appendix/PlantCommunityClustering/BRW_PW_1_DENDRO.png>]
<Figures/Appendix/PlantCommunityClustering/BRW_VS_1_DENDRO.png, id=984, 578.16p
t x 433.62pt>
File: Figures/Appendix/PlantCommunityClustering/BRW_VS_1_DENDRO.png Graphic fil
e (type png)
<use Figures/Appendix/PlantCommunityClustering/BRW_VS_1_DENDRO.png>
Package pdftex.def Info: Figures/Appendix/PlantCommunityClustering/BRW_VS_1_DEN
DRO.png  used on input line 79.
(pdftex.def)             Requested size: 363.6237pt x 272.71227pt.
<Figures/Appendix/PlantCommunityClustering/FLXTWRZONA_SD_1_HDBSCAN_clusters.png
, id=985, 578.16pt x 433.62pt>
File: Figures/Appendix/PlantCommunityClustering/FLXTWRZONA_SD_1_HDBSCAN_cluster
s.png Graphic file (type png)
<use Figures/Appendix/PlantCommunityClustering/FLXTWRZONA_SD_1_HDBSCAN_clusters
.png>
Package pdftex.def Info: Figures/Appendix/PlantCommunityClustering/FLXTWRZONA_S
D_1_HDBSCAN_clusters.png  used on input line 87.
(pdftex.def)             Requested size: 363.6237pt x 272.71227pt.
 [43 <./Figures/Appendix/PlantCommunityClustering/BRW_VS_1_HDBSCAN_clusters.png
> <./Figures/Appendix/PlantCommunityClustering/BRW_VS_1_DENDRO.png>]
<Figures/Appendix/PlantCommunityClustering/FLXTWRZONA_SD_1_DENDRO.png, id=994, 
578.16pt x 433.62pt>
File: Figures/Appendix/PlantCommunityClustering/FLXTWRZONA_SD_1_DENDRO.png Grap
hic file (type png)
<use Figures/Appendix/PlantCommunityClustering/FLXTWRZONA_SD_1_DENDRO.png>
Package pdftex.def Info: Figures/Appendix/PlantCommunityClustering/FLXTWRZONA_S
D_1_DENDRO.png  used on input line 94.
(pdftex.def)             Requested size: 363.6237pt x 272.71227pt.
<Figures/Appendix/PlantCommunityClustering/FLXTWRZONA_SD_2_HDBSCAN_clusters.png
, id=995, 578.16pt x 433.62pt>
File: Figures/Appendix/PlantCommunityClustering/FLXTWRZONA_SD_2_HDBSCAN_cluster
s.png Graphic file (type png)
<use Figures/Appendix/PlantCommunityClustering/FLXTWRZONA_SD_2_HDBSCAN_clusters
.png>
Package pdftex.def Info: Figures/Appendix/PlantCommunityClustering/FLXTWRZONA_S
D_2_HDBSCAN_clusters.png  used on input line 102.
(pdftex.def)             Requested size: 363.6237pt x 272.71227pt.
 [44 <./Figures/Appendix/PlantCommunityClustering/FLXTWRZONA_SD_1_HDBSCAN_clust
ers.png> <./Figures/Appendix/PlantCommunityClustering/FLXTWRZONA_SD_1_DENDRO.pn
g>]
<Figures/Appendix/PlantCommunityClustering/FLXTWRZONA_SD_2_DENDRO.png, id=1005,
 578.16pt x 433.62pt>
File: Figures/Appendix/PlantCommunityClustering/FLXTWRZONA_SD_2_DENDRO.png Grap
hic file (type png)
<use Figures/Appendix/PlantCommunityClustering/FLXTWRZONA_SD_2_DENDRO.png>
Package pdftex.def Info: Figures/Appendix/PlantCommunityClustering/FLXTWRZONA_S
D_2_DENDRO.png  used on input line 109.
(pdftex.def)             Requested size: 363.6237pt x 272.71227pt.
<Figures/Appendix/PlantCommunityClustering/FLXTWRZONA_SD_3_HDBSCAN_clusters.png
, id=1006, 578.16pt x 433.62pt>
File: Figures/Appendix/PlantCommunityClustering/FLXTWRZONA_SD_3_HDBSCAN_cluster
s.png Graphic file (type png)
<use Figures/Appendix/PlantCommunityClustering/FLXTWRZONA_SD_3_HDBSCAN_clusters
.png>
Package pdftex.def Info: Figures/Appendix/PlantCommunityClustering/FLXTWRZONA_S
D_3_HDBSCAN_clusters.png  used on input line 117.
(pdftex.def)             Requested size: 363.6237pt x 272.71227pt.
 [45 <./Figures/Appendix/PlantCommunityClustering/FLXTWRZONA_SD_2_HDBSCAN_clust
ers.png> <./Figures/Appendix/PlantCommunityClustering/FLXTWRZONA_SD_2_DENDRO.pn
g>]
<Figures/Appendix/PlantCommunityClustering/FLXTWRZONA_SD_3_DENDRO.png, id=1015,
 578.16pt x 433.62pt>
File: Figures/Appendix/PlantCommunityClustering/FLXTWRZONA_SD_3_DENDRO.png Grap
hic file (type png)
<use Figures/Appendix/PlantCommunityClustering/FLXTWRZONA_SD_3_DENDRO.png>
Package pdftex.def Info: Figures/Appendix/PlantCommunityClustering/FLXTWRZONA_S
D_3_DENDRO.png  used on input line 124.
(pdftex.def)             Requested size: 363.6237pt x 272.71227pt.
<Figures/Appendix/PlantCommunityClustering/FLXTWRZONA_SD_4_HDBSCAN_clusters.png
, id=1016, 578.16pt x 433.62pt>
File: Figures/Appendix/PlantCommunityClustering/FLXTWRZONA_SD_4_HDBSCAN_cluster
s.png Graphic file (type png)
<use Figures/Appendix/PlantCommunityClustering/FLXTWRZONA_SD_4_HDBSCAN_clusters
.png>
Package pdftex.def Info: Figures/Appendix/PlantCommunityClustering/FLXTWRZONA_S
D_4_HDBSCAN_clusters.png  used on input line 132.
(pdftex.def)             Requested size: 363.6237pt x 272.71227pt.
 [46 <./Figures/Appendix/PlantCommunityClustering/FLXTWRZONA_SD_3_HDBSCAN_clust
ers.png> <./Figures/Appendix/PlantCommunityClustering/FLXTWRZONA_SD_3_DENDRO.pn
g>]
<Figures/Appendix/PlantCommunityClustering/FLXTWRZONA_SD_4_DENDRO.png, id=1025,
 578.16pt x 433.62pt>
File: Figures/Appendix/PlantCommunityClustering/FLXTWRZONA_SD_4_DENDRO.png Grap
hic file (type png)
<use Figures/Appendix/PlantCommunityClustering/FLXTWRZONA_SD_4_DENDRO.png>
Package pdftex.def Info: Figures/Appendix/PlantCommunityClustering/FLXTWRZONA_S
D_4_DENDRO.png  used on input line 139.
(pdftex.def)             Requested size: 363.6237pt x 272.71227pt.
<Figures/Appendix/PlantCommunityClustering/FRST_AK_2_HDBSCAN_clusters.png, id=1
026, 578.16pt x 433.62pt>
File: Figures/Appendix/PlantCommunityClustering/FRST_AK_2_HDBSCAN_clusters.png 
Graphic file (type png)
<use Figures/Appendix/PlantCommunityClustering/FRST_AK_2_HDBSCAN_clusters.png>
Package pdftex.def Info: Figures/Appendix/PlantCommunityClustering/FRST_AK_2_HD
BSCAN_clusters.png  used on input line 147.
(pdftex.def)             Requested size: 363.6237pt x 272.71227pt.

Underfull \hbox (badness 1194) in paragraph at lines 148--148
 []\T1/ppl/m/sc/10 Figure B.19: |\T1/ppl/m/n/10 Com-mu-nity clus-ter HDB-SCAN p
lot for test site 
 []

[47 <./Figures/Appendix/PlantCommunityClustering/FLXTWRZONA_SD_4_HDBSCAN_cluste
rs.png> <./Figures/Appendix/PlantCommunityClustering/FLXTWRZONA_SD_4_DENDRO.png
>]
<Figures/Appendix/PlantCommunityClustering/FRST_AK_2_DENDRO.png, id=1035, 578.1
6pt x 433.62pt>
File: Figures/Appendix/PlantCommunityClustering/FRST_AK_2_DENDRO.png Graphic fi
le (type png)
<use Figures/Appendix/PlantCommunityClustering/FRST_AK_2_DENDRO.png>
Package pdftex.def Info: Figures/Appendix/PlantCommunityClustering/FRST_AK_2_DE
NDRO.png  used on input line 154.
(pdftex.def)             Requested size: 363.6237pt x 272.71227pt.
<Figures/Appendix/PlantCommunityClustering/FRST_AK_3_HDBSCAN_clusters.png, id=1
036, 578.16pt x 433.62pt>
File: Figures/Appendix/PlantCommunityClustering/FRST_AK_3_HDBSCAN_clusters.png 
Graphic file (type png)
<use Figures/Appendix/PlantCommunityClustering/FRST_AK_3_HDBSCAN_clusters.png>
Package pdftex.def Info: Figures/Appendix/PlantCommunityClustering/FRST_AK_3_HD
BSCAN_clusters.png  used on input line 162.
(pdftex.def)             Requested size: 363.6237pt x 272.71227pt.

Underfull \hbox (badness 1194) in paragraph at lines 163--163
 []\T1/ppl/m/sc/10 Figure B.21: |\T1/ppl/m/n/10 Com-mu-nity clus-ter HDB-SCAN p
lot for test site 
 []

[48 <./Figures/Appendix/PlantCommunityClustering/FRST_AK_2_HDBSCAN_clusters.png
> <./Figures/Appendix/PlantCommunityClustering/FRST_AK_2_DENDRO.png>]
<Figures/Appendix/PlantCommunityClustering/FRST_AK_3_DENDRO.png, id=1045, 578.1
6pt x 433.62pt>
File: Figures/Appendix/PlantCommunityClustering/FRST_AK_3_DENDRO.png Graphic fi
le (type png)
<use Figures/Appendix/PlantCommunityClustering/FRST_AK_3_DENDRO.png>
Package pdftex.def Info: Figures/Appendix/PlantCommunityClustering/FRST_AK_3_DE
NDRO.png  used on input line 169.
(pdftex.def)             Requested size: 363.6237pt x 272.71227pt.
<Figures/Appendix/PlantCommunityClustering/PRUAIR_DW_1_HDBSCAN_clusters.png, id
=1046, 578.16pt x 433.62pt>
File: Figures/Appendix/PlantCommunityClustering/PRUAIR_DW_1_HDBSCAN_clusters.pn
g Graphic file (type png)
<use Figures/Appendix/PlantCommunityClustering/PRUAIR_DW_1_HDBSCAN_clusters.png
>
Package pdftex.def Info: Figures/Appendix/PlantCommunityClustering/PRUAIR_DW_1_
HDBSCAN_clusters.png  used on input line 177.
(pdftex.def)             Requested size: 363.6237pt x 272.71227pt.
 [49 <./Figures/Appendix/PlantCommunityClustering/FRST_AK_3_HDBSCAN_clusters.pn
g> <./Figures/Appendix/PlantCommunityClustering/FRST_AK_3_DENDRO.png>]
<Figures/Appendix/PlantCommunityClustering/PRUAIR_DW_1_DENDRO.png, id=1055, 578
.16pt x 433.62pt>
File: Figures/Appendix/PlantCommunityClustering/PRUAIR_DW_1_DENDRO.png Graphic 
file (type png)
<use Figures/Appendix/PlantCommunityClustering/PRUAIR_DW_1_DENDRO.png>
Package pdftex.def Info: Figures/Appendix/PlantCommunityClustering/PRUAIR_DW_1_
DENDRO.png  used on input line 184.
(pdftex.def)             Requested size: 363.6237pt x 272.71227pt.
<Figures/Appendix/PlantCommunityClustering/PRUARC_DW_1_HDBSCAN_clusters.png, id
=1056, 578.16pt x 433.62pt>
File: Figures/Appendix/PlantCommunityClustering/PRUARC_DW_1_HDBSCAN_clusters.pn
g Graphic file (type png)
<use Figures/Appendix/PlantCommunityClustering/PRUARC_DW_1_HDBSCAN_clusters.png
>
Package pdftex.def Info: Figures/Appendix/PlantCommunityClustering/PRUARC_DW_1_
HDBSCAN_clusters.png  used on input line 192.
(pdftex.def)             Requested size: 363.6237pt x 272.71227pt.
 [50 <./Figures/Appendix/PlantCommunityClustering/PRUAIR_DW_1_HDBSCAN_clusters.
png> <./Figures/Appendix/PlantCommunityClustering/PRUAIR_DW_1_DENDRO.png>]
<Figures/Appendix/PlantCommunityClustering/PRUARC_DW_1_DENDRO.png, id=1066, 578
.16pt x 433.62pt>
File: Figures/Appendix/PlantCommunityClustering/PRUARC_DW_1_DENDRO.png Graphic 
file (type png)
<use Figures/Appendix/PlantCommunityClustering/PRUARC_DW_1_DENDRO.png>
Package pdftex.def Info: Figures/Appendix/PlantCommunityClustering/PRUARC_DW_1_
DENDRO.png  used on input line 199.
(pdftex.def)             Requested size: 363.6237pt x 272.71227pt.
)) [51 <./Figures/Appendix/PlantCommunityClustering/PRUARC_DW_1_HDBSCAN_cluster
s.png> <./Figures/Appendix/PlantCommunityClustering/PRUARC_DW_1_DENDRO.png>]

LaTeX Warning: Empty bibliography on input line 223.


Package acro Warning: Acronym properties may have changed. Rerun to get them
(acro)                synchronized.

(./main.aux (./Front/titlepage.aux) (./Front/imprint.aux)
(./Chapters/1_Introduction.aux) (./Chapters/2_MaterialsAndMethods.aux)
(./Chapters/3_0_Results.aux) (./Appendices/Appendices.aux))

LaTeX Warning: There were undefined references.


LaTeX Warning: There were multiply-defined labels.

Package rerunfilecheck Info: File `main.out' has not changed.
(rerunfilecheck)             Checksum: 81E533FEC7B20ED0D4874B3CBE455870;11421.

Package biblatex Warning: Please (re)run Biber on the file:
(biblatex)                main
(biblatex)                and rerun LaTeX afterwards.

Package logreq Info: Writing requests to 'main.run.xml'.
\openout1 = `main.run.xml'.

 ) 
Here is how much of TeX's memory you used:
 49871 strings out of 478268
 1157635 string characters out of 5846347
 1770913 words of memory out of 5000000
 67057 multiletter control sequences out of 15000+600000
 531507 words of font info for 144 fonts, out of 8000000 for 9000
 1141 hyphenation exceptions out of 8191
 96i,20n,93p,1826b,2636s stack positions out of 10000i,1000n,20000p,200000b,200000s
{/usr/local/texlive/2022/texmf-dist/fonts/enc/dvips/base/8r.enc}</usr/local/t
exlive/2022/texmf-dist/fonts/type1/public/amsfonts/cm/cmmi10.pfb></usr/local/te
xlive/2022/texmf-dist/fonts/type1/public/amsfonts/cm/cmr10.pfb></usr/local/texl
ive/2022/texmf-dist/fonts/type1/public/amsfonts/cm/cmsy10.pfb></usr/local/texli
ve/2022/texmf-dist/fonts/type1/public/mathpazo/fplmri.pfb></usr/local/texlive/2
022/texmf-dist/fonts/type1/public/bera/fvmr8a.pfb></usr/local/texlive/2022/texm
f-dist/fonts/type1/urw/palatino/uplb8a.pfb></usr/local/texlive/2022/texmf-dist/
fonts/type1/urw/palatino/uplr8a.pfb></usr/local/texlive/2022/texmf-dist/fonts/t
ype1/urw/palatino/uplr8a.pfb></usr/local/texlive/2022/texmf-dist/fonts/type1/ur
w/palatino/uplri8a.pfb>
Output written on main.pdf (56 pages, 50652005 bytes).
PDF statistics:
 1170 PDF objects out of 1200 (max. 8388607)
 833 compressed objects within 9 object streams
 229 named destinations out of 1000 (max. 500000)
 1113 words of extra memory for PDF output out of 10000 (max. 10000000)

